index,text
1,This is amazing. I didn't know this feature existed!
2,How do I change the settings for this option?
3,This is a game-changer. it's so easy to use now!
4,Does this work with other devices or just this one?
5,I had a problem with this function before. but now it's fixed!
6,This is really helpful. I was struggling to figure this out on my own.
7,Is there a way to customize this function to suit my needs?
8,This feature is one of the main reasons I bought this product.
9,I love how simple and intuitive this is. great job!
10,Thank you for adding this function. it makes my life so much easier.
11,Can I disable this function if I don't need it?
12,This function is exactly what I was looking for. thanks!
13,I had no idea this feature existed. thank you for sharing!
14,This function is not working properly for me. any suggestions?
15,This is a great addition to the product. thank you for including it!
16,Can I use this function without an internet connection?
17,This is very impressive. I can't believe how fast this works!
18,I'm so glad this feature was included. it saves me so much time.
19,Is there a way to customize the settings for this function?
20,This function is so useful. it's my favorite part of the product!
21,How do I activate this function on my device?
22,I didn't expect this feature to be so powerful. it's amazing!
23,Thank you for making this function available. it's a game-changer.
24,This function is very intuitive and easy to use. great job!
25,Can I use this feature to connect to other devices as well?
26,This function has been a lifesaver for me. thank you!
27,Is there a way to set up this function to work automatically?
28,This feature is really cool. I didn't even know it was possible!
29,This function is a must-have for anyone using this product.
30,How do I troubleshoot this function if it's not working?
31,This function works seamlessly with my other devices. great job!
32,I'm impressed with how easy it is to use this function. thanks!
33,Thank you for including this feature. it's very useful!
34,This function is very reliable and works every time. thank you!
35,Is there a way to customize the appearance of this function?
36,This feature is amazing. I can't imagine using the product without it.
37,I didn't realize this function was included. it's a pleasant surprise!
38,This function has been a huge help to me. thank you!
39,Can I adjust the speed of this function to suit my needs?
40,This feature is very versatile and can be used in many ways.
41,This function is very powerful. it exceeded my expectations.
42,Thank you for making this function available. it's very helpful!
43,Is there a way to disable this function if I don't need it?
44,This feature is very user-friendly and easy to navigate.
45,I didn't know this function existed. but I'm glad I found it!
46,This function is very fast and efficient. great job!
47,Can I use this function on multiple devices at the same time?
48,This feature is a game-changer. it makes the product so much better.
49,I'm very impressed with the quality of this function. thank you!
50,This function is very intuitive
51,How do I access this function from the main menu?
52,This feature is so useful. I can't imagine using the product without it!
53,This function is very easy to use. even for beginners.
54,Thank you for including this function. it's very helpful!
55,Is there a way to customize the behavior of this function?
56,This feature has saved me so much time and effort. thank you!
57,This function is very reliable and works every time. great job!
58,Can I use this feature with other products from the same company?
59,This function is very versatile and can be used in many different ways.
60,This feature is very impressive. I'm surprised it's included in the product!
61,Thank you for making this function available. it's a real time-saver!
62,This function is very easy to understand and use. thanks!
63,Is there a way to customize the shortcuts for this function?
64,This feature has made a huge difference in my productivity. thank you!
65,This function is very responsive and works quickly. great job!
66,Can I adjust the settings for this function to suit my preferences?
67,This feature is a must-have for anyone who uses the product regularly.
68,I had no idea this function was included. but I'm glad I found it!
69,This function is very powerful and can handle a lot of tasks at once.
70,Thank you for including this feature. it's very useful!
71,Is there a way to troubleshoot this function if it's not working properly?
72,This feature is very user-friendly and intuitive. thanks!
73,This function is a real game-changer. it's amazing!
74,Can I use this feature to automate certain tasks?
75,This function is very customizable and can be tailored to my needs.
76,This feature has exceeded my expectations. it's very impressive!
77,Thank you for making this function available. it's very helpful!
78,Is there a way to disable this function temporarily?
79,This function is very reliable and works flawlessly every time.
80,This feature is so innovative. I've never seen anything like it!
81,This function has made my life so much easier. thank you!
82,Can I use this feature to share data with other users?
83,This function is very easy to learn and use. even for beginners.
84,This feature is very flexible and can be used in many different ways.
85,Thank you for including this function. it's a great addition!
86,Is there a way to customize the settings for this feature?
87,This function is very fast and efficient. great job!
88,This feature is very useful and saves me a lot of time. thanks!
89,This function is very intuitive and easy to understand. great job!
90,Can I use this feature to integrate with other apps?
91,This feature is a real time-saver. thank you!
92,This function is very versatile and can be used for many different tasks.
93,Thank you for including this feature. it's very helpful!
94,Is there a way to customize the appearance of this function?
95,This feature is very reliable and works seamlessly every time.
96,This function is very easy to use. even for beginners.
97,This feature is so innovative. I'm really impressed!
98,This function has made a huge difference in my work. thank you!
99,Can I adjust the settings for this feature to suit my needs?
100,This function is a must-have for anyone who uses the product regularly.
101,Thank you for making this function available. it's a game-changer!
102,Is there a way to troubleshoot this function if it's not working properly?
103,This feature is very user-friendly and intuitive. great job!
104,This function is very powerful and has many useful features.
105,Can I use this feature to automate tasks and save time?
106,This feature is very customizable and can be tailored to my needs.
107,Thank you for including this function. it's very helpful!
108,Is there a way to disable this function permanently if I don't need it?
109,This function is very reliable and works flawlessly every time.
110,This feature is so innovative. it's ahead of its time!
111,This function is a lifesaver. thank you!
112,Can I use this feature to collaborate with others on a project?
113,This feature is very easy to use and understand. even for novices.
114,This function is very versatile and can be used in many different ways.
115,Thank you for including this function. it's a great addition to the product!
116,Is there a way to customize the settings for this function to suit my preferences?
117,This feature is very fast and responsive. great job!
118,This function is very useful and saves me a lot of time. thank you!
119,This feature is very intuitive and easy to use. great job!
120,Can I use this feature to automate complex workflows?
121,This feature is a real game-changer. it's amazing!
122,This function is very powerful and can handle large datasets with ease.
123,Thank you for making this function available. it's very helpful!
124,Is there a way to troubleshoot this function if it's not working as expected?
125,This feature is very user-friendly and intuitive. even for beginners.
126,This function is a must-have for anyone who wants to get the most out of the product.
127,This feature is very flexible and can be used in many different contexts.
128,This function is a real time-saver. thank you!
129,Can I use this feature to connect with other users and share data?
130,This feature is very easy to learn and use. great job!
131,This function is very versatile and can be used for many different purposes.
132,Thank you for including this feature. it's very helpful!
133,Is there a way to customize the behavior of this function to suit my needs?
134,This feature is very reliable and works flawlessly every time.
135,This function is very easy to use and understand. even for novices.
136,This feature is very innovative and sets the product apart from its competitors.
137,This function is a lifesaver. it has saved me so much time and effort!
138,Can I use this feature to automate tasks across multiple devices?
139,This feature is very customizable and can be tailored to my preferences.
140,Thank you for making this function available. it's a real game-changer!
141,Is there a way to disable this function temporarily if I don't need it?
142,This function is very reliable and works seamlessly every time.
143,This feature is so innovative. I'm blown away by its capabilities!
144,This function has made my work so much easier. thank you!
145,Can I use this feature to streamline my workflow and increase productivity?
146,This feature is very easy to learn and use. even for novices.
147,This function is very versatile and can be used for many different tasks.
148,Thank you for including this feature. it's very useful!
149,Is there a way to customize the appearance of this function to match my preferences?
150,This feature is very fast and efficient. it saves me a lot of time!
151,This function is very intuitive and easy to use. great job!
152,Can I use this feature to automate tasks for my team?
153,This feature is a real game-changer. it's amazing!
154,This function is very powerful and can handle complex tasks with ease.
155,Thank you for making this function available. it's very helpful!
156,Is there a way to troubleshoot this function if it's not working as expected?
157,This feature is very user-friendly and easy to navigate. great job!
158,This function is a must-have for anyone who wants to be more productive.
159,This feature is very flexible and can be used in many different ways.
160,This function is a real time-saver. it has saved me so much time!
161,Can I use this feature to collaborate with others on a project?
162,This feature is very easy to learn and use. even for beginners.
163,This function is very versatile and can be used for many different purposes.
164,Thank you for including this function. it's a great addition to the product!
165,Is there a way to customize the behavior of this function to suit my needs?
166,This feature is very reliable and works seamlessly every time.
167,This function is very easy to use and understand. great job!
168,This feature is so innovative. it's revolutionizing the way I work!
169,This function is a lifesaver. it has saved me so much time and effort!
170,Can I use this feature to automate tasks across multiple platforms?
171,This feature is very customizable and can be tailored to my needs.
172,Thank you for making this function available. it's very useful!
173,Is there a way to disable this function permanently if I don't need it?
174,This function is very reliable and works flawlessly every time.
175,This feature is so innovative. it's the future of productivity!
176,This function has made my work so much easier. thank you!
177,Can I use this feature to optimize my workflow and increase efficiency?
178,This feature is very easy to learn and use. even for novices.
179,This function is very versatile and can be used for many different tasks.
180,Thank you for including this feature. it's very helpful!
181,Is there a way to customize the appearance of this function to match my preferences?
182,This feature is very fast and efficient. it saves me a lot of time!
183,This function is very intuitive and easy to use. great job!
184,Can I use this feature to automate tasks for my team?
185,This feature is a real game-changer. it's amazing!
186,This function is very powerful and can handle complex tasks with ease.
187,Thank you for making this function available. it's very helpful!
188,Is there a way to troubleshoot this function if it's not working as expected?
189,This feature is very user-friendly and easy to navigate. great job!
190,This function is a must-have for anyone who wants to be more productive.
191,This feature is very flexible and can be used in many different ways.
192,This function is a real time-saver. it has saved me so much time!
193,Can I use this feature to collaborate with others on a project?
194,This feature is very easy to learn and use. even for beginners.
195,This function is very versatile and can be used for many different purposes.
196,Thank you for including this function. it's a great addition to the product!
197,Is there a way to customize the behavior of this function to suit my needs?
198,This feature is very reliable and works seamlessly every time.
199,This function is very easy to use and understand. great job!
200,This feature is so innovative. it's revolutionizing the way I work!
201,This function is a lifesaver. it has saved me so much time and effort!
202,Can I use this feature to automate tasks across multiple platforms?
203,This feature is very customizable and can be tailored to my needs.
204,Thank you for making this function available. it's very useful!
205,Is there a way to disable this function temporarily if I don't need it?
206,This function is very reliable and works flawlessly every time.
207,This feature is so innovative. it's the future of productivity!
208,This function has made my work so much easier. thank you!
209,Can I use this feature to optimize my workflow and increase efficiency?
210,This feature is very easy to learn and use. even for novices.
211,This function is very versatile and can be used for many different tasks.
212,Thank you for including this feature. it's very helpful!
213,Is there a way to customize the appearance of this function to match my preferences?
214,This feature is very fast and efficient. it saves me a lot of time!
215,This function is very intuitive and easy to use. great job!
216,Can I use this feature to automate tasks for my team?
217,This feature is a real game-changer. it's amazing!
218,This function is very powerful and can handle complex tasks with ease.
219,Thank you for making this function available. it's very helpful!
220,Is there a way to troubleshoot this function if it's not working as expected?
221,This feature is very user-friendly and easy to navigate. great job!
222,This function is a must-have for anyone who wants to be more productive.
223,This feature is very flexible and can be used in many different ways.
224,This function is a real time-saver. it has saved me so much time!
225,Can I use this feature to collaborate with others on a project?
226,This feature is very easy to learn and use. even for beginners.
227,This function is very versatile and can be used for many different purposes.
228,Thank you for including this function. it's a great addition to the product!
229,Is there a way to customize the behavior of this function to suit my needs?
230,This feature is very reliable and works seamlessly every time.
231,This function is very easy to use and understand. great job!
232,This feature is so innovative. it's revolutionizing the way I work!
233,This function is a lifesaver. it has saved me so much time and effort!
234,Can I use this feature to automate tasks across multiple platforms?
235,This feature is very customizable and can be tailored to my needs.
236,Thank you for making this function available. it's very useful!
237,Is there a way to disable this function temporarily if I don't need it?
238,This function is very reliable and works flawlessly every time.
239,This feature is so innovative. it's the future of productivity!
240,This function has made my work so much easier. thank you!
241,Can I use this feature to optimize my workflow and increase efficiency?
242,This feature is very easy to learn and use. even for novices.
243,This function is very versatile and can be used for many different tasks.
244,Thank you for including this feature. it's very helpful!
245,Is there a way to customize the appearance of this function to match my preferences?
246,This feature is very fast and efficient. it saves me a lot of time!
247,This function is very intuitive and easy to use. great job!
248,Can I use this feature to automate tasks for my team?
249,This feature is a real game-changer. it's amazing!
250,This function is very powerful and can handle complex tasks with ease.
251,Thank you for making this function available. it's very helpful!
252,Is there a way to troubleshoot this function if it's not working as expected?
253,This feature is very user-friendly and easy to navigate. great job!
254,This function is a must-have for anyone who wants to be more productive.
255,This feature is very flexible and can be used in many different ways.
256,This function is a real time-saver. it has saved me so much time!
257,Can I use this feature to collaborate with others on a project?
258,This feature is very easy to learn and use. even for beginners.
259,This function is very versatile and can be used for many different purposes.
260,Thank you for including this function. it's a great addition to the product!
261,Is there a way to customize the behavior of this function to suit my needs?
262,This feature is very reliable and works seamlessly every time.
263,This function is very easy to use and understand. great job!
264,This feature is so innovative. it's revolutionizing the way I work!
265,This function is a lifesaver. it has saved me so much time and effort!
266,Can I use this feature to automate tasks across multiple platforms?
267,This feature is very customizable and can be tailored to my needs.
268,Thank you for making this function available. it's very useful!
269,Is there a way to disable this function temporarily if I don't need it?
270,This function is very reliable and works flawlessly every time.
271,This feature is so innovative. it's the future of productivity!
272,This function has made my work so much easier. thank you!
273,Can I use this feature to optimize my workflow and increase efficiency?
274,This feature is very easy to learn and use. even for novices.
275,This function is very versatile and can be used for many different tasks.
276,Thank you for including this feature. it's very helpful!
277,Is there a way to customize the appearance of this function to match my preferences?
278,This feature is very fast and efficient. it saves me a lot of time!
279,This function is very intuitive and easy to use. great job!
280,Can I use this feature to automate tasks for my team?
281,This feature is a real game-changer. it's amazing!
282,This function is very powerful and can handle complex tasks with ease.
283,Thank you for making this function available. it's very helpful!
284,Is there a way to troubleshoot this function if it's not working as expected?
285,This feature is very user-friendly and easy to navigate. great job!
286,This function is a must-have for anyone who wants to be more productive.
287,This feature is very flexible and can be used in many different ways.
288,This function is a real time-saver. it has saved me so much time!
289,Can I use this feature to collaborate with others on a project?
290,This feature is very easy to learn and use. even for beginners.
291,This function is very versatile and can be used for many different purposes.
292,Thank you for including this function. it's a great addition to the product!
293,Is there a way to customize the behavior of this function to suit my needs?
294,This feature is very reliable and works seamlessly every time.
295,This function is very easy to use and understand. great job!
296,This feature is so innovative. it's revolutionizing the way I work!
297,This function is a lifesaver. it has saved me so much time and effort!
298,Can I use this feature to automate tasks across multiple platforms?
299,This feature is very customizable and can be tailored to my needs.
300,Thank you for making this function available. it's very useful!
301,Is there a way to disable this function temporarily if I don't need it?
302,This function is very reliable and works flawlessly every time.
303,This feature is so innovative. it's the future of productivity!
304,This function has made my work so much easier. thank you!
305,Can I use this feature to optimize my workflow and increase efficiency?
306,This feature is very easy to learn and use. even for novices.
307,This function is very versatile and can be used for many different tasks.
308,Thank you for including this feature. it's very helpful!
309,Is there a way to customize the appearance of this function to match my preferences?
310,This feature is very fast and efficient. it saves me a lot of time!
311,This function is very intuitive and easy to use. great job!
312,Can I use this feature to automate tasks for my team?
313,This feature is a real game-changer. it's amazing!
314,This function is very powerful and can handle complex tasks with ease.
315,Thank you for making this function available. it's very helpful!
316,Is there a way to troubleshoot this function if it's not working as expected?
317,This feature is very user-friendly and easy to navigate. great job!
318,This function is a must-have for anyone who wants to be more productive.
319,This feature is very flexible and can be used in many different ways.
320,This function is a real time-saver. it has saved me so much time!
321,Can I use this feature to collaborate with others on a project?
322,This feature is very easy to learn and use. even for beginners.
323,This function is very versatile and can be used for many different purposes.
324,Thank you for including this function. it's a great addition to the product!
325,Is there a way to customize the behavior of this function to suit my needs?
326,This feature is very reliable and works seamlessly every time.
327,This function is very easy to use and understand. great job!
328,This feature is so innovative. it's revolutionizing the way I work!
329,This function is a lifesaver. it has saved me so much time and effort!
330,Can I use this feature to automate tasks across multiple platforms?
331,This feature is very customizable and can be tailored to my needs.
332,Thank you for making this function available. it's very useful!
333,Is there a way to disable this function temporarily if I don't need it?
334,This function is very reliable and works flawlessly every time.
335,This feature is so innovative. it's the future of productivity!
336,This function has made my work so much easier. thank you!
337,Can I use this feature to optimize my workflow and increase efficiency?
338,This feature is very easy to learn and use. even for novices.
339,This function is very versatile and can be used for many different tasks.
340,Thank you for including this feature. it's very helpful!
341,Is there a way to customize the appearance of this function to match my preferences?
342,This feature is very fast and efficient. it saves me a lot of time!
343,This function is very intuitive and easy to use. great job!
344,Can I use this feature to automate tasks for my team?
345,This feature is a real game-changer. it's amazing!
346,This function is very powerful and can handle complex tasks with ease.
347,Thank you for making this function available. it's very helpful!
348,Is there a way to troubleshoot this function if it's not working as expected?
349,This feature is very user-friendly and easy to navigate. great job!
350,This function is a must-have for anyone who wants to be more productive.
351,This feature is very flexible and can be used in many different ways.
352,This function is a real time-saver. it has saved me so much time!
353,Can I use this feature to collaborate with others on a project?
354,This feature is very easy to learn and use. even for beginners.
355,This function is very versatile and can be used for many different purposes.
356,Thank you for including this function. it's a great addition to the product!
357,Is there a way to customize the behavior of this function to suit my needs?
358,This feature is very reliable and works seamlessly every time.
359,This function is very easy to use and understand. great job!
360,This feature is so innovative. it's revolutionizing the way I work!
361,This function is a lifesaver. it has saved me so much time and effort!
362,Can I use this feature to automate tasks across multiple platforms?
363,This feature is very customizable and can be tailored to my needs.
364,Thank you for making this function available. it's very useful!
365,Is there a way to disable this function temporarily if I don't need it?
366,This function is very reliable and works flawlessly every time.
367,This feature is so innovative. it's the future of productivity!
368,This function has made my work so much easier. thank you!
369,Can I use this feature to optimize my workflow and increase efficiency?
370,This feature is very easy to learn and use. even for novices.
371,This function is very versatile and can be used for many different tasks.
372,Thank you for including this feature. it's very helpful!
373,Is there a way to customize the appearance of this function to match my preferences?
374,This feature is very fast and efficient. it saves me a lot of time!
375,This function is very intuitive and easy to use. great job!
376,Can I use this feature to automate tasks for my team?
377,This feature is a real game-changer. it's amazing!
378,This function is very powerful and can handle complex tasks with ease.
379,Thank you for making this function available. it's very helpful!
380,Is there a way to troubleshoot this function if it's not working as expected?
381,This feature is very user-friendly and easy to navigate. great job!
382,This function is a must-have for anyone who wants to be more productive.
383,This feature is very flexible and can be used in many different ways.
384,This function is a real time-saver. it has saved me so much time!
385,Can I use this feature to collaborate with others on a project?
386,This feature is very easy to learn and use. even for beginners.
387,This function is very versatile and can be used for many different purposes.
388,Thank you for including this function. it's a great addition to the product!
389,Is there a way to customize the behavior of this function to suit my needs?
390,This feature is very reliable and works seamlessly every time.
391,This function is very easy to use and understand. great job!
392,This feature is so innovative. it's revolutionizing the way I work!
393,This function is a lifesaver. it has saved me so much time and effort!
394,Can I use this feature to automate tasks across multiple platforms?
395,This feature is very customizable and can be tailored to my needs.
396,Thank you for making this function available. it's very useful!
397,Is there a way to disable this function temporarily if I don't need it?
398,This function is very reliable and works flawlessly every time.
399,This feature is so innovative. it's the future of productivity!
400,This function has made my work so much easier. thank you!
401,Can I use this feature to optimize my workflow and increase efficiency?
402,This feature is very easy to learn and use. even for novices.
403,This function is very versatile and can be used for many different tasks.
404,Thank you for including this feature. it's very helpful!
405,Is there a way to customize the appearance of this function to match my preferences?
406,This feature is very fast and efficient. it saves me a lot of time!
407,This function is very intuitive and easy to use. great job!
408,Can I use this feature to automate tasks for my team?
409,This feature is a real game-changer. it's amazing!
410,This function is very powerful and can handle complex tasks with ease.
411,Thank you for making this function available. it's very helpful!
412,Is there a way to troubleshoot this function if it's not working as expected?
413,This feature is very user-friendly and easy to navigate. great job!
414,This function is a must-have for anyone who wants to be more productive.
415,This feature is very flexible and can be used in many different ways.
416,This function is a real time-saver. it has saved me so much time!
417,Can I use this feature to collaborate with others on a project?
418,This feature is very easy to learn and use. even for beginners.
419,This function is very versatile and can be used for many different purposes.
420,Thank you for including this function. it's a great addition to the product!
421,Is there a way to customize the behavior of this function to suit my needs?
422,This feature is very reliable and works seamlessly every time.
423,This function is very easy to use and understand. great job!
424,This feature is so innovative. it's revolutionizing the way I work!
425,This function is a lifesaver. it has saved me so much time and effort!
426,Can I use this feature to automate tasks across multiple platforms?
427,This feature is very customizable and can be tailored to my needs.
428,Thank you for making this function available. it's very useful!
429,Is there a way to disable this function temporarily if I don't need it?
430,This function is very reliable and works flawlessly every time.
431,This feature is so innovative. it's the future of productivity!
432,This function has made my work so much easier. thank you!
433,Can I use this feature to optimize my workflow and increase efficiency?
434,This feature is very easy to learn and use. even for novices.
435,This function is very versatile and can be used for many different tasks.
436,Thank you for including this feature. it's very helpful!
437,Is there a way to customize the behavior of this function to suit my needs?
438,This feature is very fast and efficient. it saves me a lot of time!
439,This function is very intuitive and easy to use. great job!
440,Can I use this feature to automate tasks for my team?
441,This feature is a real game-changer. it's amazing!
442,This function is very powerful and can handle complex tasks with ease.
443,Thank you for making this function available. it's very helpful!
444,Is there a way to troubleshoot this function if it's not working as expected?
445,This feature is very user-friendly and easy to navigate. great job!
446,This function is a must-have for anyone who wants to be more productive.
447,This feature is very flexible and can be used in many different ways.
448,This function is a real time-saver. it has saved me so much time!
449,Can I use this feature to collaborate with others on a project?
450,This feature is very easy to learn and use. even for beginners.
451,This function is very versatile and can be used for many different purposes.
452,Thank you for including this function. it's a great addition to the product!
453,Is there a way to customize the behavior of this function to suit my needs?
454,This feature is very reliable and works seamlessly every time.
455,This function is very easy to use and understand. great job!
456,This feature is so innovative. it's revolutionizing the way I work!
457,This function is a lifesaver. it has saved me so much time and effort!
458,Can I use this feature to automate tasks across multiple platforms?
459,This feature is very customizable and can be tailored to my needs.
460,Thank you for making this function available. it's very useful!
461,Is there a way to disable this function temporarily if I don't need it?
462,This function is very reliable and works flawlessly every time.
463,This feature is so innovative. it's the future of productivity!
464,This function has made my work so much easier. thank you!
465,Can I use this feature to optimize my workflow and increase efficiency?
466,This feature is very easy to learn and use. even for novices.
467,This function is very versatile and can be used for many different tasks.
468,Thank you for including this feature. it's very helpful!
469,Is there a way to customize the appearance of this function to match my preferences?
470,This feature is very fast and efficient. it saves me a lot of time!
471,This function is very intuitive and easy to use. great job!
472,Can I use this feature to automate tasks for my team?
473,This feature is a real game-changer. it's amazing!
474,This function is very powerful and can handle complex tasks with ease.
475,Thank you for making this function available. it's very helpful!
476,Is there a way to troubleshoot this function if it's not working as expected?
477,This feature is very user-friendly and easy to navigate. great job!
478,This function is a must-have for anyone who wants to be more productive.
479,This feature is very flexible and can be used in many different ways.
480,This function is a real time-saver. it has saved me so much time!
481,Can I use this feature to collaborate with others on a project?
482,This feature is very easy to learn and use. even for beginners.
483,This function is very versatile and can be used for many different purposes.
484,Thank you for including this function. it's a great addition to the product!
485,Is there a way to customize the behavior of this function to suit my needs?
486,This feature is very reliable and works seamlessly every time.
487,This function is very easy to use and understand. great job!
488,This feature is so innovative. it's revolutionizing the way I work!
489,This function is a lifesaver. it has saved me so much time and effort!
490,Can I use this feature to automate tasks across multiple platforms?
491,This feature is very customizable and can be tailored to my needs.
492,Thank you for making this function available. it's very useful!
493,Is there a way to disable this function temporarily if I don't need it?
494,This function is very reliable and works flawlessly every time.
495,This feature is so innovative. it's the future of productivity!
496,This function has made my work so much easier. thank you!
497,Can I use this feature to optimize my workflow and increase efficiency?
498,This feature is very easy to learn and use. even for novices.
499,This function is very versatile and can be used for many different tasks.
500,Thank you for including this feature. it's very helpful!
501,Is there a way to customize the appearance of this function to match my preferences?
502,This feature is very fast and efficient. it saves me a lot of time!
503,This function is very intuitive and easy to use. great job!
504,Can I use this feature to automate tasks for my team?
505,This feature is a real game-changer. it's amazing!
506,This function is very powerful and can handle complex tasks with ease.
507,Thank you for making this function available. it's very helpful!
508,Is there a way to troubleshoot this function if it's not working as expected?
509,This feature is very user-friendly and easy to navigate. great job!
510,This function is a must-have for anyone who wants to be more productive.
511,This feature is very flexible and can be used in many different ways.
512,This function is a real time-saver. it has saved me so much time!
513,Can I use this feature to collaborate with others on a project?
514,This feature is very easy to learn and use. even for beginners.
515,This function is very versatile and can be used for many different purposes.
516,Thank you for including this function. it's a great addition to the product!
517,Is there a way to customize the behavior of this function to suit my needs?
518,This feature is very reliable and works seamlessly every time.
519,This function is very easy to use and understand. great job!
520,This feature is so innovative. it's revolutionizing the way I work!
521,This function is a lifesaver. it has saved me so much time and effort!
522,Can I use this feature to automate tasks across multiple platforms?
523,This feature is very customizable and can be tailored to my needs.
524,Thank you for making this function available. it's very useful!
525,Is there a way to disable this function temporarily if I don't need it?
526,This function is very reliable and works flawlessly every time.
527,This feature is so innovative. it's the future of productivity!
528,This function has made my work so much easier. thank you!
529,Can I use this feature to optimize my workflow and increase efficiency?
530,This feature is very easy to learn and use. even for novices.
531,This function is very versatile and can be used for many different tasks.
532,Thank you for including this feature. it's very helpful!
533,Is there a way to customize the appearance of this function to match my preferences?
534,This feature is very fast and efficient. it saves me a lot of time!
535,This function is very intuitive and easy to use. great job!
536,Can I use this feature to automate tasks for my team?
537,This feature is a real game-changer. it's amazing!
538,This function is very powerful and can handle complex tasks with ease.
539,Thank you for making this function available. it's very helpful!
540,Is there a way to troubleshoot this function if it's not working as expected?
541,This feature is very user-friendly and easy to navigate. great job!
542,This function is a must-have for anyone who wants to be more productive.
543,This feature is very flexible and can be used in many different ways.
544,This function is a real time-saver. it has saved me so much time!
545,Can I use this feature to collaborate with others on a project?
546,This feature is very easy to learn and use. even for beginners.
547,This function is very versatile and can be used for many different purposes.
548,Thank you for including this function. it's a great addition to the product!
549,Is there a way to customize the behavior of this function to suit my needs?
550,This feature is very reliable and works seamlessly every time.
551,This function is very easy to use and understand. great job!
552,This feature is so innovative. it's revolutionizing the way I work!
553,This function is a lifesaver. it has saved me so much time and effort!
554,Can I use this feature to automate tasks across multiple platforms?
555,This feature is very customizable and can be tailored to my needs.
556,Thank you for making this function available. it's very useful!
557,Is there a way to disable this function temporarily if I don't need it?
558,This function is very reliable and works flawlessly every time.
559,This feature is so innovative. it's the future of productivity!
560,This function has made my work so much easier. thank you!
561,Can I use this feature to optimize my workflow and increase efficiency?
562,This feature is very easy to learn and use. even for novices.
563,This function is very versatile and can be used for many different tasks.
564,Thank you for including this feature. it's very helpful!
565,Is there a way to customize the appearance of this function to match my preferences?
566,This feature is very fast and efficient. it saves me a lot of time!
567,This function is very intuitive and easy to use. great job!
568,Can I use this feature to automate tasks for my team?
569,This feature is a real game-changer. it's amazing!
570,This function is very powerful and can handle complex tasks with ease.
571,Thank you for making this function available. it's very helpful!
572,Is there a way to troubleshoot this function if it's not working as expected?
573,This feature is very user-friendly and easy to navigate. great job!
574,This function is a must-have for anyone who wants to be more productive.
575,This feature is very flexible and can be used in many different ways.
576,This function is a real time-saver. it has saved me so much time!
577,Can I use this feature to collaborate with others on a project?
578,This feature is very easy to learn and use. even for beginners.
579,This function is very versatile and can be used for many different purposes.
580,Thank you for including this function. it's a great addition to the product!
581,Is there a way to customize the behavior of this function to suit my needs?
582,This feature is very reliable and works seamlessly every time.
583,This function is very easy to use and understand. great job!
584,This feature is so innovative. it's revolutionizing the way I work!
585,This function is a lifesaver. it has saved me so much time and effort!
586,Can I use this feature to automate tasks across multiple platforms?
587,This feature is very customizable and can be tailored to my needs.
588,Thank you for making this function available. it's very useful!
589,Is there a way to disable this function temporarily if I don't need it?
590,This function is very reliable and works flawlessly every time.
591,This feature is so innovative. it's the future of productivity!
592,This function has made my work so much easier. thank you!
593,Can I use this feature to optimize my workflow and increase efficiency?
594,This feature is very easy to learn and use. even for novices.
595,This function is very versatile and can be used for many different tasks.
596,Thank you for including this feature. it's very helpful!
597,Is there a way to customize the appearance of this function to match my preferences?
598,This feature is very fast and efficient. it saves me a lot of time!
599,This function is very intuitive and easy to use. great job!
600,Can I use this feature to automate tasks for my team?
601,This feature is a real game-changer. it's amazing!
602,This function is very powerful and can handle complex tasks with ease.
603,Thank you for making this function available. it's very helpful!
604,Is there a way to troubleshoot this function if it's not working as expected?
605,This feature is very user-friendly and easy to navigate. great job!
606,This function is a must-have for anyone who wants to be more productive.
607,This feature is very flexible and can be used in many different ways.
608,This function is a real time-saver. it has saved me so much time!
609,Can I use this feature to collaborate with others on a project?
610,This feature is very easy to learn and use. even for beginners.
611,This function is very versatile and can be used for many different purposes.
612,Thank you for including this function. it's a great addition to the product!
613,Is there a way to customize the behavior of this function to suit my needs?
614,This feature is very reliable and works seamlessly every time.
615,This function is very easy to use and understand. great job!
616,This feature is so innovative. it's revolutionizing the way I work!
617,This function is a lifesaver. it has saved me so much time and effort!
618,Can I use this feature to automate tasks across multiple platforms?
619,This feature is very customizable and can be tailored to my needs.
620,Thank you for making this function available. it's very useful!
621,Is there a way to disable this function temporarily if I don't need it?
622,This function is very reliable and works flawlessly every time.
623,This feature is so innovative. it's the future of productivity!
624,This function has made my work so much easier. thank you!
625,Can I use this feature to optimize my workflow and increase efficiency?
626,This feature is very easy to learn and use. even for novices.
627,This function is very versatile and can be used for many different tasks.
628,Thank you for including this feature. it's very helpful!
629,Is there a way to customize the appearance of this function to match my preferences?
630,This feature is very fast and efficient. it saves me a lot of time!
631,This function is very intuitive and easy to use. great job!
632,Can I use this feature to automate tasks for my team?
633,This feature is a real game-changer. it's amazing!
634,This function is very powerful and can handle complex tasks with ease.
635,Thank you for making this function available. it's very helpful!
636,Is there a way to troubleshoot this function if it's not working as expected?
637,This feature is very user-friendly and easy to navigate. great job!
638,This function is a must-have for anyone who wants to be more productive.
639,This feature is very flexible and can be used in many different ways.
640,This function is a real time-saver. it has saved me so much time!
641,Can I use this feature to collaborate with others on a project?
642,This feature is very easy to learn and use. even for beginners.
643,This function is very versatile and can be used for many different purposes.
644,Thank you for including this function. it's a great addition to the product!
645,Is there a way to customize the behavior of this function to suit my needs?
646,This feature is very reliable and works seamlessly every time.
647,This function is very easy to use and understand. great job!
648,This feature is so innovative. it's revolutionizing the way I work!
649,This function is a lifesaver. it has saved me so much time and effort!
650,Can I use this feature to automate tasks across multiple platforms?
651,This feature is very customizable and can be tailored to my needs.
652,Thank you for making this function available. it's very useful!
653,Is there a way to disable this function temporarily if I don't need it?
654,This function is very reliable and works flawlessly every time.
655,This feature is so innovative. it's the future of productivity!
656,This function has made my work so much easier. thank you!
657,Can I use this feature to optimize my workflow and increase efficiency?
658,This feature is very easy to learn and use. even for novices.
659,This function is very versatile and can be used for many different tasks.
660,Thank you for including this feature. it's very helpful!
661,Is there a way to customize the appearance of this function to match my preferences?
662,This feature is very fast and efficient. it saves me a lot of time!
663,This function is very intuitive and easy to use. great job!
664,Can I use this feature to automate tasks for my team?
665,This feature is a real game-changer. it's amazing!
666,This function is very powerful and can handle complex tasks with ease.
667,Thank you for making this function available. it's very helpful!
668,Is there a way to troubleshoot this function if it's not working as expected?
669,This feature is very user-friendly and easy to navigate. great job!
670,This function is a must-have for anyone who wants to be more productive.
671,This feature is very flexible and can be used in many different ways.
672,This function is a real time-saver. it has saved me so much time!
673,Can I use this feature to collaborate with others on a project?
674,This feature is very easy to learn and use. even for beginners.
675,This function is very versatile and can be used for many different purposes.
676,Thank you for including this function. it's a great addition to the product!
677,Is there a way to customize the behavior of this function to suit my needs?
678,This feature is very reliable and works seamlessly every time.
679,This function is very easy to use and understand. great job!
680,This feature is so innovative. it's revolutionizing the way I work!
681,This function is a lifesaver. it has saved me so much time and effort!
682,Can I use this feature to automate tasks across multiple platforms?
683,This feature is very customizable and can be tailored to my needs.
684,Thank you for making this function available. it's very useful!
685,Is there a way to disable this function temporarily if I don't need it?
686,This function is very reliable and works flawlessly every time.
687,This feature is so innovative. it's the future of productivity!
688,This function has made my work so much easier. thank you!
689,Can I use this feature to optimize my workflow and increase efficiency?
690,This feature is very easy to learn and use. even for novices.
691,This function is very versatile and can be used for many different tasks.
692,Thank you for including this feature. it's very helpful!
693,Is there a way to customize the appearance of this function to match my preferences?
694,This feature is very fast and efficient. it saves me a lot of time!
695,This function is very intuitive and easy to use. great job!
696,Can I use this feature to automate tasks for my team?
697,This feature is a real game-changer. it's amazing!
698,This function is very powerful and can handle complex tasks with ease.
699,Thank you for making this function available. it's very helpful!
700,Is there a way to troubleshoot this function if it's not working as expected?
701,This feature is very user-friendly and easy to navigate. great job!
702,This function is a must-have for anyone who wants to be more productive.
703,This feature is very flexible and can be used in many different ways.
704,This function is a real time-saver. it has saved me so much time!
705,Can I use this feature to collaborate with others on a project?
706,This feature is very easy to learn and use. even for beginners.
707,This function is very versatile and can be used for many different purposes.
708,Thank you for including this function. it's a great addition to the product!
709,Is there a way to customize the behavior of this function to suit my needs?
710,This feature is very reliable and works seamlessly every time.
711,This function is very easy to use and understand. great job!
712,This feature is so innovative. it's revolutionizing the way I work!
713,This function is a lifesaver. it has saved me so much time and effort!
714,Can I use this feature to automate tasks across multiple platforms?
715,This feature is very customizable and can be tailored to my needs.
716,Thank you for making this function available. it's very useful!
717,Is there a way to disable this function temporarily if I don't need it?
718,This function is very reliable and works flawlessly every time.
719,This feature is so innovative. it's the future of productivity!
720,This function has made my work so much easier. thank you!
721,Can I use this feature to optimize my workflow and increase efficiency?
722,This feature is very easy to learn and use. even for novices.
723,This function is very versatile and can be used for many different tasks.
724,Thank you for including this feature. it's very helpful!
725,Is there a way to customize the appearance of this function to match my preferences?
726,This feature is very fast and efficient. it saves me a lot of time!
727,This function is very intuitive and easy to use. great job!
728,Can I use this feature to automate tasks for my team?
729,This feature is a real game-changer. it's amazing!
730,This function is very powerful and can handle complex tasks with ease.
731,Thank you for making this function available. it's very helpful!
732,Is there a way to troubleshoot this function if it's not working as expected?
733,This feature is very user-friendly and easy to navigate. great job!
734,This function is a must-have for anyone who wants to be more productive.
735,This feature is very flexible and can be used in many different ways.
736,This function is a real time-saver. it has saved me so much time!
737,Can I use this feature to collaborate with others on a project?
738,This feature is very easy to learn and use. even for beginners.
739,This function is very versatile and can be used for many different purposes.
740,Thank you for including this function. it's a great addition to the product!
741,Is there a way to customize the behavior of this function to suit my needs?
742,This feature is very reliable and works seamlessly every time.
743,This function is very easy to use and understand. great job!
744,This feature is so innovative. it's revolutionizing the way I work!
745,This function is a lifesaver. it has saved me so much time and effort!
746,Can I use this feature to automate tasks across multiple platforms?
747,This feature is very customizable and can be tailored to my needs.
748,Thank you for making this function available. it's very useful!
749,Is there a way to disable this function temporarily if I don't need it?
750,This function is very reliable and works flawlessly every time.
751,This feature is so innovative. it's the future of productivity!
752,This function has made my work so much easier. thank you!
753,Can I use this feature to optimize my workflow and increase efficiency?
754,This feature is very easy to learn and use. even for novices.
755,This function is very versatile and can be used for many different tasks.
756,Thank you for including this feature. it's very helpful!
757,Is there a way to customize the appearance of this function to match my preferences?
758,This feature is very fast and efficient. it saves me a lot of time!
759,This function is very intuitive and easy to use. great job!
760,Can I use this feature to automate tasks for my team?
761,This feature is a real game-changer. it's amazing!
762,This function is very powerful and can handle complex tasks with ease.
763,Thank you for making this function available. it's very helpful!
764,Is there a way to troubleshoot this function if it's not working as expected?
765,This feature is very user-friendly and easy to navigate. great job!
766,This function is a must-have for anyone who wants to be more productive.
767,This feature is very flexible and can be used in many different ways.
768,This function is a real time-saver. it has saved me so much time!
769,Can I use this feature to collaborate with others on a project?
770,This feature is very easy to learn and use. even for beginners.
771,This function is very versatile and can be used for many different purposes.
772,Thank you for including this function. it's a great addition
773,Is there a way to customize the behavior of this function to suit my needs?
774,This feature is very reliable and works seamlessly every time.
775,This function is very easy to use and understand. great job!
776,This feature is so innovative. it's revolutionizing the way I work!
777,This function is a lifesaver. it has saved me so much time and effort!
778,Can I use this feature to automate tasks across multiple platforms?
779,This feature is very customizable and can be tailored to my needs.
780,Thank you for making this function available. it's very useful!
781,Is there a way to disable this function temporarily if I don't need it?
782,This function is very reliable and works flawlessly every time.
783,This feature is so innovative. it's the future of productivity!
784,This function has made my work so much easier. thank you!
785,Can I use this feature to optimize my workflow and increase efficiency?
786,This feature is very easy to learn and use. even for novices.
787,This function is very versatile and can be used for many different tasks.
788,Thank you for including this feature. it's very helpful!
789,Is there a way to customize the appearance of this function to match my preferences?
790,This feature is very fast and efficient. it saves me a lot of time!
791,This function is very intuitive and easy to use. great job!
792,Can I use this feature to automate tasks for my team?
793,This feature is a real game-changer. it's amazing!
794,This function is very powerful and can handle complex tasks with ease.
795,Thank you for making this function available. it's very helpful!
796,Is there a way to troubleshoot this function if it's not working as expected?
797,This feature is very user-friendly and easy to navigate. great job!
798,This function is a must-have for anyone who wants to be more productive.
799,This feature is very flexible and can be used in many different ways.
800,This function is a real time-saver. it has saved me so much time!
801,Can I use this feature to collaborate with others on a project?
802,This feature is very easy to learn and use. even for beginners.
803,This function is very versatile and can be used for many different purposes.
804,Thank you for including this function. it's a great addition to the product!
805,Is there a way to customize the behavior of this function to suit my needs?
806,This feature is very reliable and works seamlessly every time.
807,This function is very easy to use and understand. great job!
808,This feature is so innovative. it's revolutionizing the way I work!
809,This function is a lifesaver. it has saved me so much time and effort!
810,Can I use this feature to automate tasks across multiple platforms?
811,This feature is very customizable and can be tailored to my needs.
812,Thank you for making this function available. it's very useful!
813,Is there a way to disable this function temporarily if I don't need it?
814,This function is very reliable and works flawlessly every time.
815,This feature is so innovative. it's the future of productivity!
816,This function has made my work so much easier. thank you!
817,Can I use this feature to optimize my workflow and increase efficiency?
818,This feature is very easy to learn and use. even for novices.
819,This function is very versatile and can be used for many different tasks.
820,Thank you for including this feature. it's very helpful!
821,Is there a way to customize the appearance of this function to match my preferences?
822,This feature is very fast and efficient. it saves me a lot of time!
823,This function is very intuitive and easy to use. great job!
824,Can I use this feature to automate tasks for my team?
825,This feature is a real game-changer. it's amazing!
826,This function is very powerful and can handle complex tasks with ease.
827,Thank you for making this function available. it's very helpful!
828,Is there a way to troubleshoot this function if it's not working as expected?
829,This feature is very user-friendly and easy to navigate. great job!
830,This function is a must-have for anyone who wants to be more productive.
831,This feature is very flexible and can be used in many different ways.
832,This function is a real time-saver. it has saved me so much time!
833,Can I use this feature to collaborate with others on a project?
834,This feature is very easy to learn and use. even for beginners.
835,This function is very versatile and can be used for many different purposes.
836,Thank you for including this function. it's a great addition to the product!
837,Is there a way to customize the behavior of this function to suit my needs?
838,This feature is very reliable and works seamlessly every time.
839,This function is very easy to use and understand. great job!
840,This feature is so innovative. it's revolutionizing the way I work!
841,This function is a lifesaver. it has saved me so much time and effort!
842,Can I use this feature to automate tasks across multiple platforms?
843,This feature is very customizable and can be tailored to my needs.
844,Thank you for making this function available. it's very useful!
845,Is there a way to disable this function temporarily if I don't need it?
846,This function is very reliable and works flawlessly every time.
847,This feature is so innovative. it's the future of productivity!
848,This function has made my work so much easier. thank you!
849,Can I use this feature to optimize my workflow and increase efficiency?
850,This feature is very easy to learn and use. even for novices.
851,This function is very versatile and can be used for many different tasks.
852,Thank you for including this feature. it's very helpful!
853,Is there a way to customize the appearance of this function to match my preferences?
854,This feature is very fast and efficient. it saves me a lot of time!
855,This function is very intuitive and easy to use. great job!
856,Can I use this feature to automate tasks for my team?
857,This feature is a real game-changer. it's amazing!
858,This function is very powerful and can handle complex tasks with ease.
859,Thank you for making this function available. it's very helpful!
860,Is there a way to troubleshoot this function if it's not working as expected?
861,This feature is very user-friendly and easy to navigate. great job!
862,This function is a must-have for anyone who wants to be more productive.
863,This feature is very flexible and can be used in many different ways.
864,This function is a real time-saver. it has saved me so much time!
865,Can I use this feature to collaborate with others on a project?
866,This feature is very easy to learn and use. even for beginners.
867,This function is very versatile and can be used for many different purposes.
868,Thank you for including this function. it's a great addition to the product!
869,Is there a way to customize the behavior of this function to suit my needs?
870,This feature is very reliable and works seamlessly every time.
871,This function is very easy to use and understand. great job!
872,This feature is so innovative. it's revolutionizing the way I work!
873,This function is a lifesaver. it has saved me so much time and effort!
874,Can I use this feature to automate tasks across multiple platforms?
875,This feature is very customizable and can be tailored to my needs.
876,Thank you for making this function available. it's very useful!
877,Is there a way to disable this function temporarily if I don't need it?
878,This function is very reliable and works flawlessly every time.
879,This feature is so innovative. it's the future of productivity!
880,This function has made my work so much easier. thank you!
881,Can I use this feature to optimize my workflow and increase efficiency?
882,This feature is very easy to learn and use. even for novices.
883,This function is very versatile and can be used for many different tasks.
884,Thank you for including this feature. it's very helpful!
885,Is there a way to customize the appearance of this function to match my preferences?
886,This feature is very fast and efficient. it saves me a lot of time!
887,This function is very intuitive and easy to use. great job!
888,Can I use this feature to automate tasks for my team?
889,This feature is a real game-changer. it's amazing!
890,This function is very powerful and can handle complex tasks with ease.
891,Thank you for making this function available. it's very helpful!
892,Is there a way to troubleshoot this function if it's not working as expected?
893,This feature is very user-friendly and easy to navigate. great job!
894,This function is a must-have for anyone who wants to be more productive.
895,This feature is very flexible and can be used in many different ways.
896,This function is a real time-saver. it has saved me so much time!
897,Can I use this feature to collaborate with others on a project?
898,This feature is very easy to learn and use. even for beginners.
899,This function is very versatile and can be used for many different purposes.
900,Thank you for including this function. it's a great addition to the product!
901,Is there a way to customize the behavior of this function to suit my needs?
902,This feature is very reliable and works seamlessly every time.
903,This function is very easy to use and understand. great job!
904,This feature is so innovative. it's revolutionizing the way I work!
905,This function is a lifesaver. it has saved me so much time and effort!
906,Can I use this feature to automate tasks across multiple platforms?
907,This feature is very customizable and can be tailored to my needs.
908,Thank you for making this function available. it's very useful!
909,Is there a way to disable this function temporarily if I don't need it?
910,This function is very reliable and works flawlessly every time.
911,This feature is so innovative. it's the future of productivity!
912,This function has made my work so much easier. thank you!
913,Can I use this feature to optimize my workflow and increase efficiency?
914,This feature is very easy to learn and use. even for novices.
915,This function is very versatile and can be used for many different tasks.
916,Thank you for including this feature. it's very helpful
917,Is there a way to customize the appearance of this function to match my preferences?
918,This feature is very fast and efficient. it saves me a lot of time!
919,This function is very intuitive and easy to use. great job!
920,Can I use this feature to automate tasks for my team?
921,This feature is a real game-changer. it's amazing!
922,This function is very powerful and can handle complex tasks with ease.
923,Thank you for making this function available. it's very helpful!
924,Is there a way to troubleshoot this function if it's not working as expected?
925,This feature is very user-friendly and easy to navigate. great job!
926,This function is a must-have for anyone who wants to be more productive.
927,This feature is very flexible and can be used in many different ways.
928,This function is a real time-saver. it has saved me so much time!
929,Can I use this feature to collaborate with others on a project?
930,This feature is very easy to learn and use. even for beginners.
931,This function is very versatile and can be used for many different purposes.
932,Thank you for including this function. it's a great addition to the product!
933,Is there a way to customize the behavior of this function to suit my needs?
934,This feature is very reliable and works seamlessly every time.
935,This function is very easy to use and understand. great job!
936,This feature is so innovative. it's revolutionizing the way I work!
937,This function is a lifesaver. it has saved me so much time and effort!
938,Can I use this feature to automate tasks across multiple platforms?
939,This feature is very customizable and can be tailored to my needs.
940,Thank you for making this function available. it's very useful!
941,Is there a way to disable this function temporarily if I don't need it?
942,This function is very reliable and works flawlessly every time.
943,This feature is so innovative. it's the future of productivity!
944,This function has made my work so much easier. thank you!
945,Can I use this feature to optimize my workflow and increase efficiency?
946,This feature is very easy to learn and use. even for novices.
947,This function is very versatile and can be used for many different tasks.
948,Thank you for including this feature. it's very helpful!
949,Is there a way to customize the appearance of this function to match my preferences?
950,This feature is very fast and efficient. it saves me a lot of time!
951,This function is very intuitive and easy to use. great job!
952,Can I use this feature to automate tasks for my team?
953,This feature is a real game-changer. it's amazing!
954,This function is very powerful and can handle complex tasks with ease.
955,Thank you for making this function available. it's very helpful!
956,Is there a way to troubleshoot this function if it's not working as expected?
957,This feature is very user-friendly and easy to navigate. great job!
958,This function is a must-have for anyone who wants to be more productive.
959,This feature is very flexible and can be used in many different ways.
960,This function is a real time-saver. it has saved me so much time!
961,Can I use this feature to collaborate with others on a project?
962,This feature is very easy to learn and use. even for beginners.
963,This function is very versatile and can be used for many different purposes.
964,Thank you for including this function. it's a great addition to the product!
965,Is there a way to customize the behavior of this function to suit my needs?
966,This feature is very reliable and works seamlessly every time.
967,This function is very easy to use and understand. great job!
968,This feature is so innovative. it's revolutionizing the way I work!
969,This function is a lifesaver. it has saved me so much time and effort!
970,Can I use this feature to automate tasks across multiple platforms?
971,This feature is very customizable and can be tailored to my needs.
972,Thank you for making this function available. it's very useful!
973,Is there a way to disable this function temporarily if I don't need it?
974,This function is very reliable and works flawlessly every time.
975,This feature is so innovative. it's the future of productivity!
976,This function has made my work so much easier. thank you!
977,Can I use this feature to optimize my workflow and increase efficiency?
978,This feature is very easy to learn and use. even for novices.
979,This function is very versatile and can be used for many different tasks.
980,Thank you for including this feature. it's very helpful!
981,Is there a way to customize the appearance of this function to match my preferences?
982,This feature is very fast and efficient. it saves me a lot of time!
983,This function is very intuitive and easy to use. great job!
984,Can I use this feature to automate tasks for my team?
985,This feature is a real game-changer. it's amazing!
986,This function is very powerful and can handle complex tasks with ease.
987,Thank you for making this function available. it's very helpful!
988,Is there a way to troubleshoot this function if it's not working as expected?
989,This feature is very user-friendly and easy to navigate. great job!
990,This function is a must-have for anyone who wants to be more productive.
991,This feature is very flexible and can be used in many different ways.
992,This function is a real time-saver. it has saved me so much time!
993,Can I use this feature to collaborate with others on a project?
994,This feature is very easy to learn and use. even for beginners.
995,This function is very versatile and can be used for many different purposes.
996,Thank you for including this function. it's a great addition to the product!
997,Is there a way to customize the behavior of this function to suit my needs?
998,This feature is very reliable and works seamlessly every time.
999,This function is very easy to use and understand. great job!
1000,This feature is so innovative. it's revolutionizing the way I work!
