index,text
1,It would be great if the fun video had more bloopers at the end.
2,Please consider adding subtitles to the daily vlog for viewers who are hard of hearing.
3,You should add a feature to vote on the next reaction video.
4,It would be helpful to have timestamps in the service video to skip to specific sections.
5,For the learning video.  it would be great to have quizzes at the end of each section.
6,Please consider adding a feature to download the product video for offline viewing.
7,It would be helpful to have more behind-the-scenes content in the fun video.
8,You should add a feature to request topics for the next daily vlog.
9,For the reaction video.  it would be great to have a live chat during the video.
10,Please consider adding a feature to share the service video on social media.
11,It would be helpful to have a transcript of the learning video for those who prefer reading.
12,You should add a feature to suggest future product videos.
13,For the fun video.  it would be great to see more challenges or games.
14,Please consider adding a feature to change the playback speed of the daily vlog.
15,It would be helpful to have a FAQ section in the service video.
16,For the reaction video.  it would be great to see more diverse content.
17,You should add a feature to request future learning video topics.
18,Please consider adding a feature to bookmark certain parts of the product video.
19,"It would be helpful to have a ""best moments"" highlight reel at the end of the fun video."
20,For the daily vlog. it would be great to see more shots of the local scenery.
21,You should add a feature to suggest future reaction video topics.
22,Please consider adding a feature to customize the subtitles of the learning video.
23,It would be helpful to have a comment section in the service video for additional questions.
24,For the product video.  it would be great to have more in-depth explanations of the features.
25,You should add a feature to suggest future fun video ideas.
26,Please consider adding a feature to share the daily vlog on other platforms.
27,It would be helpful to have a glossary in the learning video for technical terms.
28,For the reaction video.  it would be great to see more diverse reactors.
29,You should add a feature to request future service video topics.
30,Please consider adding a feature to change the video quality of the product video.
31,It would be helpful to have a Q&A section in the fun video.
32,For the daily vlog.  it would be great to see more interaction with locals.
33,You should add a feature to suggest future learning video series.
34,Please consider adding a feature to add subtitles in different languages to the service video.
35,It would be helpful to have a timeline or map of the locations visited in the fun video.
36,For the reaction video.  it would be great to see more in-depth analysis.
37,You should add a feature to request future product video comparisons.
38,Please consider adding a feature to change the playback speed of the learning video.
39,"It would be helpful to have a ""how-to"" section in the service video."
40,For the daily vlog.  it would be great to see more cultural experiences.
41,You should add a feature to suggest future reaction video reactors.
42,For the product video.  it would be helpful to see a side-by-side comparison with other similar products.
43,a feature to add interactive elements to the product video  such as clickable links.
44,"It would be helpful to have a ""meet the team"" section in the fun video."
45,For the service video  it would be great to see more case studies.
46,You should add a feature to request future learning video formats.
47,Please consider adding a feature to change the subtitles' font size in the daily vlog.
48,"It would be helpful to have a ""tips and tricks"" section in the product video."
49,For the reaction video  it would be great to have a rating system for each video.
50,You should add a feature to suggest future service video collaborations.
51,Please consider adding a feature to change the video resolution of the learning video.
52,"It would be helpful to have a ""behind the camera"" section in the fun video."
53,For the daily vlog  it would be great to see more local food experiences.
54,You should add a feature to request future reaction video formats.
55,Please consider adding a feature to add annotations to the product video.
56,"It would be helpful to have a ""bloopers and outtakes"" section in the service video."
57,For the learning video.it would be great to have a downloadable study guide.
58,You should add a feature to suggest future fun video collaborations.
59,Please consider adding a feature to change the video aspect ratio of the daily vlog.
60,"It would be helpful to have a ""customer reviews"" section in the product video."
61,For the reaction video.it would be great to see more non-mainstream content.
62,You should add a feature to request future service video collaborations.
63,Please consider adding a feature to add captions to the fun video for viewers who are deaf or hard of hearing.
64,"It would be helpful to have a ""common questions"" section in the learning video."
65,For the daily vlog.it would be great to see more sustainable tourism experiences.
66,You should add a feature to suggest future reaction video reactors.
67,Please consider adding a feature to change the audio language of the product video.
68,"It would be helpful to have a ""live Q&A"" section in the service video."
69,For the fun video.it would be great to see more creative challenges.
70,You should add a feature to request future learning video collaborations.
71,Please consider adding a feature to change the video orientation of the daily vlog.
72,"It would be helpful to have a ""what's next"" section in the product video."
73,For the reaction video.it would be great to see more diverse content creators.
74,You should add a feature to suggest future service video formats.
75,Please consider adding a feature to add sound effects to the fun video.
76,"It would be helpful to have a ""frequently asked questions"" section in the learning video."
77,For the daily vlog.it would be great to see more volunteering experiences.
78,You should add a feature to request future reaction video topics.
79,Please consider adding a feature to change the background music of the product video.
80,"It would be helpful to have a ""customer testimonials"" section in the service video."
81,For the fun video.it would be great to see more unique challenges.
82,You should add a feature to suggest future learning video topics.
83,Please consider adding a feature to change the video player settings of the daily vlog.
84,"It would be helpful to have a ""common mistakes"" section in the product video."
85,For the reaction video.it would be great to see more educational content.
86,Please consider adding a feature to add filters to the fun video.
87,"It would be helpful to have a ""step-by-step guide"" section in the learning video."
88,For the daily vlog.it would be great to see more off-the-beaten-path experiences.
89,You should add a feature to request future reaction video series.
90,Please consider adding a feature to change the video playback speed of the product video.
91,"It would be helpful to have a ""how it's made"" section in the service video."
92,For the fun video.it would be great to see more celebrity guest appearances.
93,You should add a feature to suggest future learning video collaborations with educators.
94,Please consider adding a feature to change the subtitles' color of the daily vlog.
95,"It would be helpful to have a ""pros and cons"" section in the product video."
96,For the reaction video.it would be great to have a ranking system for the reactors.
97,You should add a feature to request future service video case studies.
98,Please consider adding a feature to add music to the fun video.
99,"It would be helpful to have a ""real-life applications"" section in the learning video."
100,For the daily vlog.it would be great to see more adventure sports experiences.
101,You should add a feature to suggest future reaction video collaborations with other channels.
102,Please consider adding a feature to change the video background color of the product video.
103,"It would be helpful to have a ""best practices"" section in the service video."
104,For the fun video.it would be great to see more travel challenges.
105,You should add a feature to request future learning video series.
106,Please consider adding a feature to change the font style of the daily vlog subtitles.
107,"It would be helpful to have a ""test your knowledge"" section in the learning video."
108,For the reaction video.it would be great to see more interactive content.
109,You should add a feature to suggest future service video collaborations with influencers.
110,Please consider adding a feature to add special effects to the product video.
111,"It would be helpful to have a ""most common problems"" section in the service video."
112,For the daily vlog.it would be great to see more cultural festivals experiences.
113,You should add a feature to request future reaction video collaborations with other reactors.
114,Please consider adding a feature to change the video playback speed of the learning video.
115,"It would be helpful to have a ""customer success stories"" section in the service video."
116,For the fun video.it would be great to see more food challenges.
117,You should add a feature to suggest future learning video collaborations with industry experts.
118,Please consider adding a feature to change the subtitles' background color of the daily vlog.
119,"It would be helpful to have a ""how to fix common problems"" section in the product video."
120,For the reaction video.it would be great to have a leaderboard for the reactors.
121,You should add a feature to request future service video partnerships with other businesses.
122,Please consider adding a feature to add animations to the fun video.
123,"It would be helpful to have a ""how to troubleshoot common issues"" section in the service video."
124,For the daily vlog.it would be great to see more nature experiences.
125,You should add a feature to suggest future reaction video collaborations with other channels in the same niche.
126,Please consider adding a feature to change the video background image of the product video.
127,"It would be helpful to have a ""real-world examples"" section in the learning video."
128,For the fun video.it would be great to see more challenges with guest stars.
129,You should add a feature to request future learning video collaborations with other educational institutions.
130,Please consider adding a feature to change the font color of the daily vlog subtitles.
131,"It would be helpful to have a ""how to get started"" section in the service video."
132,For the reaction video.it would be great to see more community involvement.
133,You should add a feature to suggest future service video partnerships with nonprofits.
134,Please consider adding a feature to add text overlays to the product video.
135,"It would be helpful to have a ""how to avoid common pitfalls"" section in the service video."
136,For the daily vlog.it would be great to see more art and culture experiences.
137,You should add a feature to request future reaction video collaborations with celebrities.
138,Please consider adding a feature to change the video background color of the fun video.
139,"It would be helpful to have a ""frequently overlooked features"" section in the product video."
140,For the learning video.it would be great to have a downloadable workbook.
141,You should add a feature to suggest future fun video collaborations with other creators.
142,Please consider adding a feature to change the font size of the daily vlog subtitles.
143,"It would be helpful to have a ""best practices for success"" section in the service video."
144,For the reaction video.it would be great to have a ranking system for the videos.
145,You should add a feature to request future service video partnerships with other businesses in complementary industries.
146,Please consider adding a feature to add stickers to the fun video.
147,"It would be helpful to have a ""how to use advanced features"" section in the product video."
148,For the daily vlog.it would be great to see more wildlife experiences.
149,You should add a feature to suggest future reaction video collaborations with social media influencers.
150,Please consider adding a feature to change the video background music of the daily vlog.
151,"It would be helpful to have a ""commonly misunderstood features"" section in the service video."
152,For the learning video.it would be great to have a downloadable cheat sheet.
153,You should add a feature to request future fun video collaborations with brands.
154,Please consider adding a feature to change the font style of the daily vlog subtitles.
155,"It would be helpful to have a ""how to optimize for maximum results"" section in the product video."
156,For the reaction video.it would be great to have a rating system for the videos.
157,You should add a feature to suggest future service video partnerships with industry experts.
158,Please consider adding a feature to add filters to the fun video.
159,"It would be helpful to have a ""frequently asked questions about advanced features"" section in the service video."
160,For the daily vlog.it would be great to see more historical experiences.
161,You should add a feature to request future reaction video collaborations with gaming channels.
162,Please consider adding a feature to change the video background color of the learning video.
163,"It would be helpful to have a ""tips for getting the most out of the product"" section in the product video."
164,For the fun video.it would be great to see more social experiments.
165,You should add a feature to suggest future learning video collaborations with other online educators.
166,Please consider adding a feature to change the font color of the daily vlog subtitles.
167,"It would be helpful to have a ""how to troubleshoot issues"" section in the service video."
168,For the reaction video.it would be great to see more interactive polls.
169,You should add a feature to request future service video partnerships with startups.
170,Please consider adding a feature to add animations to the fun video.
171,"It would be helpful to have a ""how to use the product for beginners"" section in the product video."
172,For the daily vlog.it would be great to see more adventure experiences.
173,You should add a feature to suggest future reaction video collaborations with comedians.
174,Please consider adding a feature to change the video background image of the fun video.
175,"It would be helpful to have a ""tips for troubleshooting common issues"" section in the service video."
176,For the learning video.it would be great to have a downloadable glossary.
177,You should add a feature to request future fun video collaborations with local businesses.
178,Please consider adding a feature to change the font size of the daily vlog subtitles.
179,"It would be helpful to have a ""how to use advanced settings"" section in the product video."
180,For the reaction video.it would be great to see more viewer-submitted content.
181,You should add a feature to suggest future service video partnerships with charities.
182,Please consider adding a feature to add voiceovers to the fun video.
183,"It would be helpful to have a ""commonly overlooked settings"" section in the service video."
184,For the daily vlog.it would be great to see more outdoor experiences.
185,You should add a feature to request future reaction video collaborations with musicians.
186,Please consider adding a feature to change the video background color of the learning video.
187,"It would be helpful to have a ""troubleshooting common problems"" section in the product video."
188,For the fun video.it would be great to see more challenges with unique props.
189,You should add a feature to suggest future learning video collaborations with guest lecturers.
190,Please consider adding a feature to change the font style of the daily vlog subtitles.
191,"It would be helpful to have a ""how to use the product for advanced users"" section in the product video."
192,For the reaction video.it would be great to have a ranking system for the reactors' channels.
193,You should add a feature to request future service video partnerships with established businesses.
194,Please consider adding a feature to add special effects to the fun video.
195,"It would be helpful to have a ""commonly misunderstood settings"" section in the service video."
196,For the daily vlog.it would be great to see more city experiences.
197,You should add a feature to suggest future reaction video collaborations with artists.
198,Please consider adding a feature to change the video background music of the learning video.
199,"It would be helpful to have a ""tips for optimizing performance"" section in the product video."
200,For the fun video.it would be great to see more challenges with animals.
201,You should add a feature to request future learning video collaborations with experts in related fields.
202,Please consider adding a feature to change the font color of the daily vlog subtitles.
203,"It would be helpful to have a ""frequently overlooked settings"" section in the service video."
204,For the reaction video.it would be great to have a leaderboard for the reactors' channels.
205,You should add a feature to suggest future service video partnerships with government agencies.
206,Please consider adding a feature to add transitions to the fun video.
207,"It would be helpful to have a ""commonly misunderstood features"" section in the product video."
208,For the daily vlog.it would be great to see more road trip experiences.
209,You should add a feature to request future reaction video collaborations with tech experts.
210,Please consider adding a feature to change the video background color of the learning video.
211,"It would be helpful to have a ""troubleshooting advanced issues"" section in the service video."
212,For the fun video.it would be great to see more challenges with extreme sports.
213,You should add a feature to suggest future learning video collaborations with thought leaders.
214,Please consider adding a feature to change the font size of the daily vlog subtitles.
215,"It would be helpful to have a ""how to use the product for intermediate users"" section in the product video."
216,For the reaction video.it would be great to see more fan-submitted content.
217,You should add a feature to request future service video partnerships with universities.
218,Please consider adding a feature to add text animations to the fun video.
219,"It would be helpful to have a ""frequently overlooked features for advanced users"" section in the service video."
220,For the daily vlog.it would be great to see more scenic experiences.
221,You should add a feature to suggest future reaction video collaborations with sports personalities.
222,Please consider adding a feature to change the video background image of the learning video.
223,"It would be helpful to have a ""tips for troubleshooting advanced issues"" section in the product video."
224,For the fun video.it would be great to see more challenges with toys.
225,You should add a feature to suggest future learning video collaborations with industry leaders.
226,Please consider adding a feature to change the font style of the daily vlog subtitles.
227,"It would be helpful to have a ""how to use the product for expert users"" section in the product video."
228,For the reaction video.it would be great to have a ranking system for the channels featured.
229,You should add a feature to request future service video partnerships with international organizations.
230,Please consider adding a feature to add background music to the fun video.
231,"It would be helpful to have a ""frequently misunderstood features"" section in the service video."
232,For the daily vlog.it would be great to see more beach experiences.
233,You should add a feature to suggest future reaction video collaborations with fashion influencers.
234,Please consider adding a feature to change the video background color of the learning video.
235,"It would be helpful to have a ""troubleshooting expert issues"" section in the service video."
236,For the fun video.it would be great to see more challenges with makeup.
237,You should add a feature to suggest future learning video collaborations with mentors.
238,Please consider adding a feature to change the font color of the daily vlog subtitles.
239,"It would be helpful to have a ""how to use the product for power users"" section in the product video."
240,For the reaction video.it would be great to see more challenges with technology.
241,You should add a feature to request future service video partnerships with non-governmental organizations.
242,Please consider adding a feature to add sound effects to the fun video.
243,"It would be helpful to have a ""commonly overlooked advanced features"" section in the service video."
244,For the daily vlog.it would be great to see more theme park experiences.
245,You should add a feature to suggest future reaction video collaborations with fitness experts.
246,Please consider adding a feature to change the video background music of the learning video.
247,"It would be helpful to have a ""tips for troubleshooting expert issues"" section in the product video."
248,For the fun video.it would be great to see more challenges with art.
249,You should add a feature to suggest future learning video collaborations with motivational speakers.
250,Please consider adding a feature to change the font size of the daily vlog subtitles.
251,"It would be helpful to have a ""how to use the product for professional users"" section in the product video."
252,For the reaction video.it would be great to have a leaderboard for the channels featured.
253,You should add a feature to request future service video partnerships with international charities.
254,Please consider adding a feature to add voice effects to the fun video.
255,"It would be helpful to have a ""frequently misunderstood advanced features"" section in the service video."
256,For the daily vlog.it would be great to see more camping experiences.
257,You should add a feature to suggest future reaction video collaborations with travel bloggers.
258,Please consider adding a feature to change the video background color of the learning video.
259,"It would be helpful to have a ""troubleshooting professional issues"" section in the service video."
260,For the fun video.it would be great to see more challenges with fashion.
261,You should add a feature to suggest future learning video collaborations with motivational coaches.
262,Please consider adding a feature to change the font style of the daily vlog subtitles.
263,"It would be helpful to have a ""how to use the product for business users"" section in the product video."
264,For the reaction video.it would be great to see more challenges with cooking.
265,You should add a feature to request future service video partnerships with local governments.
266,Please consider adding a feature to add text transitions to the fun video.
267,"It would be helpful to have a ""frequently overlooked advanced settings"" section in the service video."
268,For the daily vlog.it would be great to see more water sports experiences.
269,You should add a feature to suggest future reaction video collaborations with adventure bloggers.
270,Please consider adding a feature to change the video background image of the learning video.
271,"It would be helpful to have a ""tips for troubleshooting professional issues"" section in the product video."
272,For the fun video.it would be great to see more challenges with technology.
273,You should add a feature to suggest future learning video collaborations with industry associations.
274,Please consider adding a feature to change the font color of the daily vlog subtitles.
275,"It would be helpful to have a ""how to use the product for enterprise users"" section in the product video."
276,For the reaction video.it would be great to see more challenges with sports.
277,You should add a feature to request future service video partnerships with humanitarian organizations.
278,Please consider adding a feature to add soundtracks to the fun video.
279,"It would be helpful to have a ""frequently misunderstood advanced settings"" section in the service video."
280,For the daily vlog.it would be great to see more wildlife conservation experiences.
281,You should add a feature to suggest future reaction video collaborations with outdoor enthusiasts.
282,Please consider adding a feature to change the video background color of the learning video.
283,"It would be helpful to have a ""troubleshooting enterprise issues"" section in the service video."
284,For the fun video.it would be great to see more challenges with dance.
285,You should add a feature to suggest future learning video collaborations with industry experts.
286,Please consider adding a feature to change the font size of the daily vlog subtitles.
287,"It would be helpful to have a ""how to use the product for educational institutions"" section in the product video."
288,For the reaction video.it would be great to see more challenges with gaming.
289,You should add a feature to request future service video partnerships with environmental organizations.
290,Please consider adding a feature to add soundscapes to the fun video.
291,"It would be helpful to have a ""commonly overlooked enterprise features"" section in the service video."
292,For the daily vlog.it would be great to see more urban exploration experiences.
293,You should add a feature to suggest future reaction video collaborations with food bloggers.
294,Please consider adding a feature to change the video background music of the learning video.
295,"It would be helpful to have a ""tips for troubleshooting enterprise issues"" section in the product video."
296,For the fun video.it would be great to see more challenges with magic.
297,You should add a feature to suggest future learning video collaborations with career coaches.
298,Please consider adding a feature to change the font style of the daily vlog subtitles.
299,"It would be helpful to have a ""how to use the product for government agencies"" section in the product video."
300,For the reaction video.it would be great to see more challenges with music.
301,You should add a feature to request future service video partnerships with social organizations.
302,Please consider adding a feature to add video effects to the fun video.
303,"It would be helpful to have a ""frequently misunderstood enterprise features"" section in the service video."
304,For the daily vlog.it would be great to see more nature photography experiences.
305,You should add a feature to suggest future reaction video collaborations with wildlife enthusiasts.
306,Please consider adding a feature to change the video background color of the learning video.
307,"It would be helpful to have a ""troubleshooting government issues"" section in the service video."
308,For the fun video.it would be great to see more challenges with sports skills.
309,You should add a feature to suggest future learning video collaborations with industry influencers.
310,Please consider adding a feature to change the font color of the daily vlog subtitles.
311,"It would be helpful to have a ""how to use the product for non-profit organizations"" section in the product video."
312,For the reaction video.it would be great to see more challenges with movies and TV shows.
313,You should add a feature to request future service video partnerships with disaster relief organizations.
314,Please consider adding a feature to add motion graphics to the fun video.
315,"It would be helpful to have a ""commonly overlooked government features"" section in the service video."
316,For the daily vlog.it would be great to see more winter experiences.
317,You should add a feature to suggest future reaction video collaborations with movie critics.
318,Please consider adding a feature to change the video background music of the learning video.
319,"It would be helpful to have a ""tips for troubleshooting government issues"" section in the product video."
320,For the fun video.it would be great to see more challenges with beauty products.
321,You should add a feature to suggest future learning video collaborations with lifestyle coaches.
322,Please consider adding a feature to change the font size of the daily vlog subtitles.
323,"It would be helpful to have a ""how to use the product for healthcare organizations"" section in the product video."
324,For the reaction video.it would be great to see more challenges with anime and manga.
325,You should add a feature to request future service video partnerships with social enterprises.
326,Please consider adding a feature to add visual effects to the fun video.
327,"It would be helpful to have a ""frequently misunderstood government features"" section in the service video."
328,For the daily vlog.it would be great to see more cultural experiences.
329,You should add a feature to suggest future reaction video collaborations with music critics.
330,Please consider adding a feature to change the video background color of the learning video.
331,"It would be helpful to have a ""troubleshooting healthcare issues"" section in the service video."
332,For the fun video.it would be great to see more challenges with nail art.
333,You should add a feature to suggest future learning video collaborations with self-improvement coaches.
334,Please consider adding a feature to change the font style of the daily vlog subtitles.
335,"It would be helpful to have a ""how to use the product for research institutions"" section in the product video."
336,For the reaction video.it would be great to see more challenges with books.
337,You should add a feature to request future service video partnerships with social impact organizations.
338,Please consider adding a feature to add animated stickers to the fun video.
339,"It would be helpful to have a ""commonly overlooked healthcare features"" section in the service video."
340,For the daily vlog.it would be great to see more outdoor adventure experiences.
341,You should add a feature to suggest future reaction video collaborations with book critics.
342,Please consider adding a feature to change the video background music of the learning video.
343,"It would be helpful to have a ""tips for troubleshooting healthcare issues"" section in the product video."
344,For the fun video.it would be great to see more challenges with DIY projects.
345,You should add a feature to suggest future learning video collaborations with personal development coaches.
346,Please consider adding a feature to change the font color of the daily vlog subtitles.
347,"It would be helpful to have a ""how to use the product for social impact organizations"" section in the product video."
348,For the reaction video.it would be great to see more challenges with documentaries.
349,You should add a feature to request future service video partnerships with animal welfare organizations.
350,Please consider adding a feature to add 3D effects to the fun video.
351,"It would be helpful to have a ""frequently misunderstood healthcare features"" section in the service video."
352,For the daily vlog.it would be great to see more city exploration experiences.
353,You should add a feature to suggest future reaction video collaborations with documentary critics.
354,Please consider adding a feature to change the video background color of the learning video.
355,"It would be helpful to have a ""troubleshooting research issues"" section in the service video."
356,For the fun video.it would be great to see more challenges with cooking gadgets.
357,You should add a feature to suggest future learning video collaborations with business coaches.
358,Please consider adding a feature to change the font size of the daily vlog subtitles.
359,"It would be helpful to have a ""how to use the product for educational charities"" section in the product video."
360,For the reaction video.it would be great to see more challenges with theater.
361,You should add a feature to request future service video partnerships with human rights organizations.
362,Please consider adding a feature to add face filters to the fun video.
363,"It would be helpful to have a ""commonly overlooked research features"" section in the service video."
364,For the daily vlog.it would be great to see more national park experiences.
365,You should add a feature to suggest future reaction video collaborations with theater critics.
366,Please consider adding a feature to change the video background music of the learning video.
367,"It would be helpful to have a ""tips for troubleshooting research issues"" section in the product video."
368,For the fun video.it would be great to see more challenges with food art.
369,You should add a feature to suggest future learning video collaborations with life coaches.
370,Please consider adding a feature to change the font style of the daily vlog subtitles.
371,"It would be helpful to have a ""how to use the product for environmental organizations"" section in the product video."
372,For the reaction video.it would be great to see more challenges with ballet.
373,You should add a feature to request future service video partnerships with climate change organizations.
374,Please consider adding a feature to add augmented reality effects to the fun video.
375,"It would be helpful to have a ""frequently misunderstood research features"" section in the service video."
376,For the daily vlog.it would be great to see more art museum experiences.
377,You should add a feature to suggest future reaction video collaborations with art critics.
378,Please consider adding a feature to change the video background color of the learning video.
379,"It would be helpful to have a ""troubleshooting environmental issues""section in the service video."
380,For the fun video.it would be great to see more challenges with makeup.
381,You should add a feature to suggest future learning video collaborations with beauty influencers.
382,Please consider adding a feature to change the font color of the daily vlog subtitles.
383,"It would be helpful to have a ""how to use the product for animal welfare organizations"" section in the product video."
384,For the reaction video.it would be great to see more challenges with science.
385,You should add a feature to request future service video partnerships with health charities.
386,Please consider adding a feature to add photo filters to the fun video.
387,"It would be helpful to have a ""commonly overlooked environmental features"" section in the service video."
388,For the daily vlog.it would be great to see more historical site experiences.
389,You should add a feature to suggest future reaction video collaborations with science critics.
390,Please consider adding a feature to change the video background music of the learning video.
391,"It would be helpful to have a ""tips for troubleshooting environmental issues"" section in the product video."
392,For the fun video.it would be great to see more challenges with hair styling.
393,You should add a feature to suggest future learning video collaborations with fashion influencers.
394,Please consider adding a feature to change the font style of the daily vlog subtitles.
395,"It would be helpful to have a ""how to use the product for mental health organizations"" section in the product video."
396,For the reaction video.it would be great to see more challenges with technology news.
397,You should add a feature to request future service video partnerships with medical research organizations.
398,Please consider adding a feature to add GIF stickers to the fun video.
399,"It would be helpful to have a ""frequently misunderstood environmental features"" section in the service video."
400,For the daily vlog.it would be great to see more natural wonder experiences.
401,You should add a feature to suggest future reaction video collaborations with technology critics.
402,Please consider adding a feature to change the video background color of the learning video.
403,"It would be helpful to have a ""troubleshooting animal welfare issues"" section in the service video."
404,For the fun video.it would be great to see more challenges with baking.
405,You should add a feature to suggest future learning video collaborations with baking experts.
406,Please consider adding a feature to change the font size of the daily vlog subtitles.
407,"It would be helpful to have a ""how to use the product for addiction recovery organizations"" section in the product video."
408,For the reaction video.it would be great to see more challenges with technology reviews.
409,You should add a feature to request future service video partnerships with patient advocacy organizations.
410,Please consider adding a feature to add boomerang effects to the fun video.
411,"It would be helpful to have a ""commonly overlooked mental health features"" section in the service video."
412,For the daily vlog.it would be great to see more wildlife sanctuary experiences.
413,You should add a feature to suggest future reaction video collaborations with technology influencers.
414,Please consider adding a feature to change the video background music of the learning video.
415,"It would be helpful to have a ""tips for troubleshooting animal welfare issues"" section in the product video."
416,For the fun video.it would be great to see more challenges with cookie decorating.
417,You should add a feature to suggest future learning video collaborations with cookie artists.
418,Please consider adding a feature to change the font color of the daily vlog subtitles.
419,"It would be helpful to have a ""how to use the product for disability organizations"" section in the product video."
420,For the reaction video.it would be great to see more challenges with gadgets and accessories.
421,You should add a feature to request future service video partnerships with medical charities.
422,Please consider adding a feature to add sound effects to the fun video.
423,"It would be helpful to have a ""frequently misunderstood animal welfare features"" section in the service video."
424,For the daily vlog.it would be great to see more botanic garden experiences.
425,You should add a feature to suggest future reaction video collaborations with gadget reviewers.
426,Please consider adding a feature to change the video background color of the learning video.
427,"It would be helpful to have a ""troubleshooting addiction recovery issues"" section in the service video."
428,For the fun video.it would be great to see more challenges with cake decorating.
429,You should add a feature to suggest future learning video collaborations with cake artists.
430,Please consider adding a feature to change the font style of the daily vlog subtitles.
431,"It would be helpful to have a ""how to use the product for medical research organizations"" section in the product video."
432,For the reaction video.it would be great to see more challenges with gadgets and devices.
433,You should add a feature to request future service video partnerships with patient support organizations.
434,Please consider adding a feature to add video filters to the fun video.
435,"It would be helpful to have a ""commonly overlooked disability features"" section in the service video."
436,For the daily vlog.it would be great to see more beach experiences.
437,You should add a feature to suggest future reaction video collaborations with device reviewers.
438,Please consider adding a feature to change the video background music of the learning video.
439,"It would be helpful to have a ""tips for troubleshooting addiction recovery issues"" section in the product video."
440,For the fun video.it would be great to see more challenges with pizza making.
441,You should add a feature to suggest future learning video collaborations with pizza chefs.
442,Please consider adding a feature to change the font size of the daily vlog subtitles.
443,"It would be helpful to have a ""how to use the product for senior care organizations"" section in the product video."
444,For the reaction video.it would be great to see more challenges with virtual reality.
445,You should add a feature to request future service video partnerships with disability charities.
446,Please consider adding a feature to add text overlays to the fun video.
447,"It would be helpful to have a ""frequently misunderstood medical research features"" section in the service video."
448,For the daily vlog.it would be great to see more zoo experiences.
449,You should add a feature to suggest future reaction video collaborations with virtual reality experts.
450,Please consider adding a feature to change the video background color of the learning video.
451,"It would be helpful to have a ""troubleshooting senior care issues"" section in the service video."
452,For the fun video.it would be great to see more challenges with ice cream making.
453,You should add a feature to suggest future learning video collaborations with ice cream experts.
454,Please consider adding a feature to change the font color of the daily vlog subtitles.
455,"It would be helpful to have a ""how to use the product for mental health clinics"" section in the product video."
456,For the reaction video.it would be great to see more challenges with smartphones.
457,You should add a feature to request future service video partnerships with rare disease organizations.
458,Please consider adding a feature to add transitions to the fun video.
459,"It would be helpful to have a ""commonly overlooked senior care features"" section in the service video."
460,For the daily vlog.it would be great to see more aquarium experiences.
461,You should add a feature to suggest future reaction video collaborations with smartphone reviewers.
462,Please consider adding a feature to change the video background music of the learning video.
463,"It would be helpful to have a ""tips for troubleshooting senior care issues"" section in the product video."
464,For the fun video.it would be great to see more challenges with candy making.
465,You should add a feature to suggest future learning video collaborations with candy experts.
466,Please consider adding a feature to change the font style of the daily vlog subtitles.
467,"It would be helpful to have a ""how to use the product for rare disease organizations"" section in the product video."
468,For the reaction video.it would be great to see more challenges with drones.
469,You should add a feature to request future service video partnerships with healthcare advocacy organizations.
470,Please consider adding a feature to add text animations to the fun video.
471,"It would be helpful to have a ""frequently misunderstood senior care features"" section in the service video."
472,For the daily vlog.it would be great to see more skiing experiences.
473,You should add a feature to suggest future reaction video collaborations with drone experts.
474,Please consider adding a feature to change the video background color of the learning video.
475,"It would be helpful to have a ""troubleshooting rare disease issues"" section in the service video."
476,For the fun video.it would be great to see more challenges with popcorn making.
477,You should add a feature to suggest future learning video collaborations with popcorn experts.
478,Please consider adding a feature to change the font size of the daily vlog subtitles.
479,"It would be helpful to have a ""how to use the product for healthcare advocacy organizations"" section in the product video."
480,For the reaction video.it would be great to see more challenges with smart home devices.
481,You should add a feature to request future service video partnerships with disaster relief organizations.
482,Please consider adding a feature to add soundtracks to the fun video.
483,"It would be helpful to have a ""commonly overlooked rare disease features"" section in the service video."
484,For the daily vlog.it would be great to see more beach volleyball experiences.
485,You should add a feature to suggest future reaction video collaborations with smart home device reviewers.
486,Please consider adding a feature to change the video background music of the learning video.
487,"It would be helpful to have a ""tips for troubleshooting rare disease issues"" section in the product video."
488,For the fun video.it would be great to see more challenges with sushi making.
489,You should add a feature to suggest future learning video collaborations with sushi chefs.
490,Please consider adding a feature to change the font color of the daily vlog subtitles.
491,"It would be helpful to have a ""how to use the product for disaster relief organizations"" section in the product video."
492,For the reaction video.it would be great to see more challenges with gaming laptops.
493,You should add a feature to request future service video partnerships with public health organizations.
494,Please consider adding a feature to add video backgrounds to the fun video.
495,"It would be helpful to have a ""frequently misunderstood healthcare advocacy features"" section in the service video."
496,For the daily vlog.it would be great to see more scuba diving experiences.
497,You should add a feature to suggest future reaction video collaborations with gaming laptop reviewers.
498,Please consider adding a feature to change the video background color of the learning video.
499,"It would be helpful to have a ""troubleshooting disaster relief issues"" section in the service video."
500,For the fun video.it would be great to see more challenges with donut making.
501,You should add a feature to suggest future learning video collaborations with donut experts.
502,Please consider adding a feature to change the font style of the daily vlog subtitles.
503,"It would be helpful to have a ""how to use the product for public health organizations"" section in the product video."
504,For the reaction video.it would be great to see more challenges with gaming desktops.
505,You should add a feature to request future service video partnerships with community health organizations.
506,Please consider adding a feature to add text captions to the fun video.
507,"It would be helpful to have a ""commonly overlooked disaster relief features"" section in the service video."
508,For the daily vlog.it would be great to see more safari experiences.
509,You should add a feature to suggest future reaction video collaborations with gaming desktop reviewers.
510,Please consider adding a feature to change the video background music of the learning video.
511,"It would be helpful to have a ""tips for troubleshooting public health issues"" section in the product video."
512,For the fun video.it would be great to see more challenges with cupcake making.
513,You should add a feature to suggest future learning video collaborations with cupcake experts.
514,Please consider adding a feature to change the font size of the daily vlog subtitles.
515,"It would be helpful to have a ""how to use the product for community health organizations"" section in the product video."
516,For the reaction video.it would be great to see more challenges with gaming consoles.
517,You should add a feature to request future service video partnerships with global health organizations.
518,Please consider adding a feature to add video effects to the fun video.
519,"It would be helpful to have a ""frequently misunderstood public health features"" section in the service video."
520,For the daily vlog.it would be great to see more mountain climbing experiences.
521,You should add a feature to suggest future reaction video collaborations with gaming console reviewers.
522,Please consider adding a feature to change the video background color of the learning video.
523,"It would be helpful to have a ""troubleshooting community health issues"" section in the service video."
524,For the fun video.it would be great to see more challenges with macaron making.
525,You should add a feature to suggest future learning video collaborations with macaron experts.
526,Please consider adding a feature to change the font color of the daily vlog subtitles.
527,"It would be helpful to have a ""how to use the product for global health organizations"" section in the product video."
528,For the reaction video.it would be great to see more challenges with gaming accessories.
529,You should add a feature to request future service video partnerships with disease awareness organizations.
530,Please consider adding a feature to add voiceovers to the fun video.
531,"It would be helpful to have a ""commonly overlooked public health features"" section in the service video."
532,For the daily vlog.it would be great to see more national park experiences.
533,You should add a feature to suggest future reaction video collaborations with gaming accessory reviewers.
534,Please consider adding a feature to change the video background music of the learning video.
535,"It would be helpful to have a ""tips for troubleshooting community health issues"" section in the product video."
536,For the fun video.it would be great to see more challenges with cookie making.
537,You should add a feature to suggest future learning video collaborations with cookie experts.
538,Please consider adding a feature to change the font style of the daily vlog subtitles.
539,"It would be helpful to have a ""how to use the product for disease awareness organizations"" section in the product video."
540,For the reaction video.it would be great to see more challenges with gaming chairs.
541,You should add a feature to request future service video partnerships with mental health organizations.
542,Please consider adding a feature to add image overlays to the fun video.
543,"It would be helpful to have a ""frequently misunderstood community health features"" section in the service video."
544,For the daily vlog.it would be great to see more hot air balloon experiences.
545,You should add a feature to suggest future reaction video collaborations with gaming chair reviewers.
546,Please consider adding a feature to change the video background color of the learning video.
547,"It would be helpful to have a ""troubleshooting disease awareness issues"" section in the service video."
548,For the fun video.it would be great to see more challenges with bread making.
549,You should add a feature to suggest future learning video collaborations with bread experts.
550,Please consider adding a feature to change the font size of the daily vlog subtitles.
551,"It would be helpful to have a ""how to use the product for mental health organizations"" section in the product video."
552,For the reaction video.it would be great to see more challenges with gaming headsets.
553,You should add a feature to request future service video partnerships with substance abuse organizations.
554,Please consider adding a feature to add video transitions to the fun video.
555,"It would be helpful to have a ""commonly overlooked disease awareness features"" section in the service video."
556,For the daily vlog.it would be great to see more waterfall experiences.
557,You should add a feature to suggest future reaction video collaborations with gaming headset reviewers.
558,Please consider adding a feature to change the video background music of the learning video.
559,"It would be helpful to have a ""tips for troubleshooting disease awareness issues"" section in the product video."
560,For the fun video.it would be great to see more challenges with chocolate making.
561,You should add a feature to suggest future learning video collaborations with chocolate experts.
562,Please consider adding a feature to change the font color of the daily vlog subtitles.
563,"It would be helpful to have a ""how to use the product for substance abuse organizations"" section in the product video."
564,For the reaction video.it would be great to see more challenges with gaming mice.
565,You should add a feature to request future service video partnerships with addiction recovery organizations.
566,Please consider adding a feature to add sound effects to the fun video.
567,"It would be helpful to have a ""frequently misunderstood mental health features"" section in the service video."
568,For the daily vlog.it would be great to see more botanical garden experiences.
569,You should add a feature to suggest future reaction video collaborations with gaming mouse reviewers.
570,Please consider adding a feature to change the video background color of the learning video.
571,"It would be helpful to have a ""troubleshooting substance abuse issues"" section in the service video."
572,For the fun video.it would be great to see more challenges with pasta making.
573,You should add a feature to suggest future learning video collaborations with pasta experts.
574,Please consider adding a feature to change the font style of the daily vlog subtitles.
575,"It would be helpful to have a ""how to use the product for addiction recovery organizations"" section in the product video."
576,For the reaction video.it would be great to see more challenges with gaming keyboards.
577,You should add a feature to request future service video partnerships with recovery support organizations.
578,Please consider adding a feature to add text overlays to the fun video.
579,"It would be helpful to have a ""commonly overlooked mental health features"" section in the service video."
580,For the daily vlog.it would be great to see more road trip experiences.
581,You should add a feature to suggest future reaction video collaborations with gaming keyboard reviewers.
582,Please consider adding a feature to change the video background music of the learning video.
583,"It would be helpful to have a ""tips for troubleshooting substance abuse issues"" section in the product video."
584,For the fun video.it would be great to see more challenges with pizza making.
585,You should add a feature to suggest future learning video collaborations with pizza experts.
586,Please consider adding a feature to change the font size of the daily vlog subtitles.
587,"It would be helpful to have a ""how to use the product for recovery support organizations"" section in the product video."
588,For the reaction video.it would be great to see more challenges with gaming monitors.
589,You should add a feature to request future service video partnerships with harm reduction organizations.
590,Please consider adding a feature to add video filters to the fun video.
591,"It would be helpful to have a ""frequently misunderstood addiction recovery features"" section in the service video."
592,For the daily vlog.it would be great to see more ski resort experiences.
593,You should add a feature to suggest future reaction video collaborations with gaming monitor reviewers.
594,Please consider adding a feature to change the video background color of the learning video.
595,"It would be helpful to have a ""troubleshooting recovery support issues"" section in the service video."
596,For the fun video.it would be great to see more challenges with cake making.
597,You should add a feature to suggest future learning video collaborations with cake experts.
598,Please consider adding a feature to change the font color of the daily vlog subtitles.
599,"It would be helpful to have a ""how to use the product for harm reduction organizations"" section in the product video."
600,For the reaction video.it would be great to see more challenges with gaming chairs for kids.
601,You should add a feature to request future service video partnerships with community-based organizations.
602,Please consider adding a feature to add animations to the fun video.
603,"It would be helpful to have a ""commonly overlooked addiction recovery features"" section in the service video."
604,For the daily vlog.it would be great to see more national forest experiences.
605,You should add a feature to suggest future reaction video collaborations with gaming chair for kids reviewers.
606,Please consider adding a feature to change the video background music of the learning video.
607,"It would be helpful to have a ""tips for troubleshooting harm reduction issues"" section in the product video."
608,For the fun video.it would be great to see more challenges with ice cream making.
609,You should add a feature to suggest future learning video collaborations with ice cream experts.
610,Please consider adding a feature to change the font style of the daily vlog subtitles.
611,"It would be helpful to have a ""how to use the product for community-based organizations"" section in the product video."
612,For the reaction video.it would be great to see more challenges with gaming chairs for console.
613,You should add a feature to request future service video partnerships with healthcare providers.
614,Please consider adding a feature to add video captions to the fun video.
615,"It would be helpful to have a ""frequently misunderstood harm reduction features"" section in the service video."
616,For the daily vlog.it would be great to see more beach experiences.
617,You should add a feature to suggest future reaction video collaborations with gaming chair for console reviewers.
618,Please consider adding a feature to change the video background color of the learning video.
619,"It would be helpful to have a ""troubleshooting community-based organization issues"" section in the service video."
620,For the fun video.it would be great to see more challenges with sushi making.
621,You should add a feature to suggest future learning video collaborations with sushi experts.
622,Please consider adding a feature to change the font size of the daily vlog subtitles.
623,"It would be helpful to have a ""how to use the product for healthcare providers"" section in the product video."
624,For the reaction video.it would be great to see more challenges with gaming chairs for racing games.
625,You should add a feature to request future service video partnerships with patient advocacy organizations.
626,Please consider adding a feature to add audio effects to the fun video.
627,"It would be helpful to have a ""commonly overlooked harm reduction features"" section in the service video."
628,For the daily vlog.it would be great to see more zoo experiences.
629,You should add a feature to suggest future reaction video collaborations with gaming chair for racing games reviewers.
630,Please consider adding a feature to change the video background music of the learning video.
631,"It would be helpful to have a ""tips for troubleshooting healthcare provider issues"" section in the product video."
632,For the fun video.it would be great to see more challenges with pie making.
633,You should add a feature to suggest future learning video collaborations with pie experts.
634,Please consider adding a feature to change the font color of the daily vlog subtitles.
635,"It would be helpful to have a ""how to use the product for patient advocacy organizations"" section in the product video."
636,For the reaction video.it would be great to see more challenges with gaming chairs for office use.
637,You should add a feature to request future service video partnerships with healthcare organizations.
638,Please consider adding a feature to add video titles to the fun video.
639,"It would be helpful to have a ""frequently misunderstood patient advocacy features"" section in the service video."
640,For the daily vlog.it would be great to see more aquarium experiences.
641,You should add a feature to suggest future reaction video collaborations with gaming chair for office use reviewers.
642,Please consider adding a feature to change the video background color of the learning video.
643,"It would be helpful to have a ""troubleshooting healthcare organization issues"" section in the service video."
644,For the fun video.it would be great to see more challenges with burger making.
645,You should add a feature to suggest future learning video collaborations with burger experts.
646,Please consider adding a feature to change the font style of the daily vlog subtitles.
647,"It would be helpful to have a ""how to use the product for healthcare organizations"" section in the product video."
648,For the reaction video.it would be great to see more challenges with gaming chairs for racing simulation.
649,You should add a feature to request future service video partnerships with medical research organizations.
650,Please consider adding a feature to add special effects to the fun video.
651,"It would be helpful to have a ""commonly overlooked patient advocacy features"" section in the service video."
652,For the daily vlog.it would be great to see more theme park experiences.
653,You should add a feature to suggest future reaction video collaborations with gaming chair for racing simulation reviewers.
654,Please consider adding a feature to change the video background music of the learning video.
655,"It would be helpful to have a ""tips for troubleshooting medical research issues"" section in the product video."
656,For the fun video.it would be great to see more challenges with cookie decorating.
657,You should add a feature to suggest future learning video collaborations with cookie experts.
658,Please consider adding a feature to change the font size of the daily vlog subtitles.
659,"It would be helpful to have a ""how to use the product for medical research organizations"" section in the product video."
660,For the reaction video.it would be great to see more challenges with gaming chairs for console racing games.
661,You should add a feature to request future service video partnerships with medical organizations.
662,Please consider adding a feature to add video filters to the fun video.
663,"It would be helpful to have a ""frequently misunderstood medical research features"" section in the service video."
664,For the daily vlog.it would be great to see more wildlife experiences.
665,You should add a feature to suggest future reaction video collaborations with gaming chair for console racing games reviewers.
666,Please consider adding a feature to change the video background color of the learning video.
667,"It would be helpful to have a ""troubleshooting medical organization issues"" section in the service video."
668,For the fun video.it would be great to see more challenges with cupcake making.
669,You should add a feature to suggest future learning video collaborations with cupcake experts.
670,Please consider adding a feature to change the font color of the daily vlog subtitles.
671,"It would be helpful to have a ""how to use the product for medical organizations"" section in the product video."
672,For the reaction video.it would be great to see more challenges with gaming chairs for flight simulation.
673,You should add a feature to request future service video partnerships with public health organizations.
674,Please consider adding a feature to add soundtracks to the fun video.
675,"It would be helpful to have a ""commonly overlooked medical research features"" section in the service video."
676,For the daily vlog.it would be great to see more mountain climbing experiences.
677,You should add a feature to suggest future reaction video collaborations with gaming chair for flight simulation reviewers.
678,Please consider adding a feature to change the video background music of the learning video.
679,"It would be helpful to have a ""tips for troubleshooting public health issues"" section in the product video."
680,For the fun video.it would be great to see more challenges with donut making.
681,You should add a feature to suggest future learning video collaborations with donut experts.
682,Please consider adding a feature to change the font style of the daily vlog subtitles.
683,"It would be helpful to have a ""how to use the product for public health organizations"" section in the product video."
684,For the reaction video.it would be great to see more challenges with gaming chairs for console sports games.
685,You should add a feature to request future service video partnerships with global health organizations.
686,Please consider adding a feature to add video transitions to the fun video.
687,"It would be helpful to have a ""frequently misunderstood public health features"" section in the service video."
688,For the daily vlog.it would be great to see more city experiences.
689,You should add a feature to suggest future reaction video collaborations with gaming chair for console sports games reviewers.
690,Please consider adding a feature to change the video background color of the learning video.
691,"It would be helpful to have a ""troubleshooting global health issues"" section in the service video."
692,For the fun video.it would be great to see more challenges with sandwich making.
693,You should add a feature to suggest future learning video collaborations with sandwich experts.
694,Please consider adding a feature to change the font size of the daily vlog subtitles.
695,"It would be helpful to have a ""how to use the product for global health organizations"" section in the product video."
696,For the reaction video.it would be great to see more challenges with gaming chairs for flight simulation.
697,You should add a feature to request future service video partnerships with health research organizations.
698,Please consider adding a feature to add video effects to the fun video.
699,"It would be helpful to have a ""commonly overlooked public health features"" section in the service video."
700,For the daily vlog.it would be great to see more countryside experiences.
701,You should add a feature to suggest future reaction video collaborations with gaming chair for flight simulation reviewers.
702,Please consider adding a feature to change the video background music of the learning video.
703,"It would be helpful to have a ""tips for troubleshooting health research issues"" section in the product video."
704,For the fun video.it would be great to see more challenges with smoothie making.
705,You should add a feature to suggest future learning video collaborations with smoothie experts.
706,Please consider adding a feature to change the font color of the daily vlog subtitles.
707,"It would be helpful to have a ""how to use the product for health research organizations"" section in the product video."
708,For the reaction video.it would be great to see more challenges with gaming chairs for console strategy games.
709,You should add a feature to request future service video partnerships with healthcare associations.
710,Please consider adding a feature to add sound effects to the fun video.
711,"It would be helpful to have a ""frequently misunderstood health research features"" section in the service video."
712,For the daily vlog.it would be great to see more park experiences.
713,You should add a feature to suggest future reaction video collaborations with gaming chair for console strategy games reviewers.
714,Please consider adding a feature to change the video background color of the learning video.
715,"It would be helpful to have a ""troubleshooting healthcare association issues"" section in the service video."
716,For the fun video.it would be great to see more challenges with popcorn making.
717,You should add a feature to suggest future learning video collaborations with popcorn experts.
718,Please consider adding a feature to change the font style of the daily vlog subtitles.
719,"It would be helpful to have a ""how to use the product for healthcare associations"" section in the product video."
720,For the reaction video.it would be great to see more challenges with gaming chairs for console action games.
721,You should add a feature to request future service video partnerships with medical education organizations.
722,Please consider adding a feature to add video captions to the fun video.
723,"It would be helpful to have a ""commonly overlooked healthcare association features"" section in the service video."
724,For the daily vlog.it would be great to see more garden experiences.
725,You should add a feature to suggest future reaction video collaborations with gaming chair for console action games reviewers.
726,Please consider adding a feature to change the video background music of the learning video.
727,"It would be helpful to have a ""tips for troubleshooting medical education issues"" section in the product video."
728,For the fun video.it would be great to see more challenges with candy making.
729,You should add a feature to suggest future learning video collaborations with candy experts.
730,Please consider adding a feature to change the font size of the daily vlog subtitles.
731,"It would be helpful to have a ""how to use the product for medical education organizations"" section in the product video."
732,For the reaction video.it would be great to see more challenges with gaming chairs for console adventure games.
733,You should add a feature to request future service video partnerships with medical charities.
734,Please consider adding a feature to add video backgrounds to the fun video.
735,"It would be helpful to have a ""frequently misunderstood medical education features"" section in the service video."
736,For the daily vlog.it would be great to see more outdoor activities.
737,You should add a feature to suggest future reaction video collaborations with gaming chair for console adventure games reviewers.
738,Please consider adding a feature to change the video background color of the learning video.
739,"It would be helpful to have a ""troubleshooting medical charity issues"" section in the service video."
740,For the fun video.it would be great to see more challenges with pizza making.
741,You should add a feature to suggest future learning video collaborations with pizza experts.
742,Please consider adding a feature to change the font color of the daily vlog subtitles.
743,"It would be helpful to have a ""how to use the product for medical charities"" section in the product video."
744,For the reaction video.it would be great to see more challenges with gaming chairs for console fighting games.
745,You should add a feature to request future service video partnerships with medical research charities.
746,Please consider adding a feature to add video overlays to the fun video.
747,"It would be helpful to have a ""commonly overlooked medical charity features"" section in the service video."
748,For the daily vlog.it would be great to see more indoor activities.
749,You should add a feature to suggest future reaction video collaborations with gaming chair for console fighting games reviewers.
750,Please consider adding a feature to change the video background music of the learning video.
751,"It would be helpful to have a ""tips for troubleshooting medical research charity issues"" section in the product video."
752,For the fun video.it would be great to see more challenges with cake making.
753,You should add a feature to suggest future learning video collaborations with cake experts.
754,Please consider adding a feature to change the font style of the daily vlog subtitles.
755,"It would be helpful to have a ""how to use the product for medical research charities"" section in the product video."
756,For the reaction video.it would be great to see more challenges with gaming chairs for console shooting games.
757,You should add a feature to request future service video partnerships with healthcare providers.
758,Please consider adding a feature to add video animations to the fun video.
759,"It would be helpful to have a ""frequently misunderstood medical research charity features"" section in the service video."
760,For the daily vlog.it would be great to see more cultural experiences.
761,You should add a feature to suggest future reaction video collaborations with gaming chair for console shooting games reviewers.
762,Please consider adding a feature to change the video background color of the learning video.
763,"It would be helpful to have a ""troubleshooting healthcare provider issues"" section in the service video."
764,For the fun video.it would be great to see more challenges with ice cream making.
765,You should add a feature to suggest future learning video collaborations with ice cream experts.
766,Please consider adding a feature to change the font size of the daily vlog subtitles.
767,"It would be helpful to have a ""how to use the product for healthcare providers"" section in the product video."
768,For the reaction video.it would be great to see more challenges with gaming chairs for console fighting games.
769,You should add a feature to request future service video partnerships with public health research organizations.
770,Please consider adding a feature to add video filters to the fun video.
771,"It would be helpful to have a ""commonly overlooked healthcare provider features"" section in the service video."
772,For the daily vlog.it would be great to see more road trip experiences.
773,You should add a feature to suggest future reaction video collaborations with gaming chair for console fighting games reviewers.
774,Please consider adding a feature to change the video background music of the learning video.
775,"It would be helpful to have a ""tips for troubleshooting public health research issues"" section in the product video."
776,For the fun video.it would be great to see more challenges with bread making.
777,You should add a feature to suggest future learning video collaborations with bread experts.
778,Please consider adding a feature to change the font color of the daily vlog subtitles.
779,"It would be helpful to have a ""how to use the product for public health research organizations"" section in the product video."
780,For the reaction video.it would be great to see more challenges with gaming chairs for console RPG games.
781,You should add a feature to request future service video partnerships with medical technology companies.
782,Please consider adding a feature to add video text overlays to the fun video.
783,"It would be helpful to have a ""frequently misunderstood public health research features"" section in the service video."
784,For the daily vlog.it would be great to see more beach experiences.
785,You should add a feature to suggest future reaction video collaborations with gaming chair for console RPG games reviewers.
786,Please consider adding a feature to change the video background color of the learning video.
787,"It would be helpful to have a ""troubleshooting medical technology company issues"" section in the service video."
788,For the fun video.it would be great to see more challenges with fruit carving.
789,You should add a feature to suggest future learning video collaborations with fruit carving experts.
790,Please consider adding a feature to change the font style of the daily vlog subtitles.
791,"It would be helpful to have a ""how to use the product for medical technology companies"" section in the product video."
792,For the reaction video.it would be great to see more challenges with gaming chairs for console simulation games.
793,You should add a feature to request future service video partnerships with medical device companies.
794,Please consider adding a feature to add video stickers to the fun video.
795,"It would be helpful to have a ""commonly overlooked medical technology company features"" section in the service video."
796,For the daily vlog.it would be great to see more theme park experiences.
797,You should add a feature to suggest future reaction video collaborations with gaming chair for console simulation games reviewers.
798,Please consider adding a feature to change the video background music of the learning video.
799,"It would be helpful to have a ""tips for troubleshooting medical device issues"" section in the product video."
800,For the fun video.it would be great to see more challenges with sushi making.
801,You should add a feature to suggest future learning video collaborations with sushi experts.
802,Please consider adding a feature to change the font size of the daily vlog subtitles.
803,"It would be helpful to have a ""how to use the product for medical device companies"" section in the product video."
804,For the reaction video.it would be great to see more challenges with gaming chairs for console racing games.
805,You should add a feature to request future service video partnerships with healthcare technology companies.
806,Please consider adding a feature to add video sound effects to the fun video.
807,"It would be helpful to have a ""frequently misunderstood medical device features"" section in the service video."
808,For the daily vlog.it would be great to see more zoo experiences.
809,You should add a feature to suggest future reaction video collaborations with gaming chair for console racing games reviewers.
810,Please consider adding a feature to change the video background color of the learning video.
811,"It would be helpful to have a ""troubleshooting healthcare technology company issues"" section in the service video."
812,For the fun video.it would be great to see more challenges with cookie making.
813,You should add a feature to suggest future learning video collaborations with cookie experts.
814,Please consider adding a feature to change the font color of the daily vlog subtitles.
815,"It would be helpful to have a ""how to use the product for healthcare technology companies"" section in the product video."
816,For the reaction video.it would be great to see more challenges with gaming chairs for console sports games.
817,You should add a feature to request future service video partnerships with medical software companies.
818,Please consider adding a feature to add video transitions to the fun video.
819,"It would be helpful to have a ""commonly overlooked healthcare technology company features"" section in the service video."
820,For the daily vlog.it would be great to see more hiking experiences.
821,You should add a feature to suggest future reaction video collaborations with gaming chair for console sports games reviewers.
822,Please consider adding a feature to change the video background music of the learning video.
823,"It would be helpful to have a ""tips for troubleshooting medical software issues"" section in the product video."
824,For the fun video.it would be great to see more challenges with cupcake making.
825,You should add a feature to suggest future learning video collaborations with cupcake experts.
826,Please consider adding a feature to change the font style of the daily vlog subtitles.
827,"It would be helpful to have a ""how to use the product for medical software companies"" section in the product video."
828,For the reaction video.it would be great to see more challenges with gaming chairs for console horror games.
829,You should add a feature to request future service video partnerships with medical imaging companies.
830,Please consider adding a feature to add video filters to the fun video.
831,"It would be helpful to have a ""frequently misunderstood medical software features"" section in the service video."
832,For the daily vlog.it would be great to see more camping experiences.
833,You should add a feature to suggest future reaction video collaborations with gaming chair for console horror games reviewers.
834,Please consider adding a feature to change the video background color of the learning video.
835,"It would be helpful to have a ""troubleshooting medical imaging company issues"" section in the service video."
836,For the fun video.it would be great to see more challenges with chocolate making.
837,You should add a feature to suggest future learning video collaborations with chocolate experts.
838,Please consider adding a feature to change the font size of the daily vlog subtitles.
839,"It would be helpful to have a ""how to use the product for medical imaging companies"" section in the product video."
840,For the reaction video.it would be great to see more challenges with gaming chairs for console strategy games.
841,You should add a feature to request future service video partnerships with healthcare analytics companies.
842,Please consider adding a feature to add video captions to the fun video.
843,"It would be helpful to have a ""commonly overlooked healthcare analytics company features"" section in the service video."
844,For the daily vlog.it would be great to see more city experiences.
845,You should add a feature to suggest future reaction video collaborations with gaming chair for console strategy games reviewers.
846,Please consider adding a feature to change the video background music of the learning video.
847,"It would be helpful to have a ""tips for troubleshooting healthcare analytics issues"" section in the product video."
848,For the fun video.it would be great to see more challenges with pie making.
849,You should add a feature to suggest future learning video collaborations with pie experts.
850,Please consider adding a feature to change the font color of the daily vlog subtitles.
851,"It would be helpful to have a ""how to use the product for healthcare analytics companies"" section in the product video."
852,For the reaction video.it would be great to see more challenges with gaming chairs for console puzzle games.
853,You should add a feature to request future service video partnerships with medical research companies.
854,Please consider adding a feature to add video animations to the fun video.
855,"It would be helpful to have a ""frequently misunderstood healthcare analytics features"" section in the service video."
856,For the daily vlog.it would be great to see more countryside experiences.
857,You should add a feature to suggest future reaction video collaborations with gaming chair for console puzzle games reviewers.
858,Please consider adding a feature to change the video background color of the learning video.
859,"It would be helpful to have a ""troubleshooting medical research company issues"" section in the service video."
860,For the fun video.it would be great to see more challenges with pastry making.
861,You should add a feature to suggest future learning video collaborations with pastry experts.
862,Please consider adding a feature to change the font style of the daily vlog subtitles.
863,"It would be helpful to have a ""how to use the product for medical research companies"" section in the product video."
864,For the reaction video.it would be great to see more challenges with gaming chairs for console adventure games.
865,You should add a feature to request future service video partnerships with healthcare consulting companies.
866,Please consider adding a feature to add video text overlays to the fun video.
867,"It would be helpful to have a ""commonly overlooked healthcare consulting company features"" section in the service video."
868,For the daily vlog.it would be great to see more wildlife experiences.
869,You should add a feature to suggest future reaction video collaborations with gaming chair for console adventure games reviewers.
870,Please consider adding a feature to change the video background music of the learning video.
871,"It would be helpful to have a ""tips for troubleshooting healthcare consulting issues"" section in the product video."
872,For the fun video.it would be great to see more challenges with candy making.
873,You should add a feature to suggest future learning video collaborations with candy experts.
874,Please consider adding a feature to change the font size of the daily vlog subtitles.
875,"It would be helpful to have a ""how to use the product for healthcare consulting companies"" section in the product video."
876,For the reaction video.it would be great to see more challenges with gaming chairs for console music games.
877,You should add a feature to request future service video partnerships with healthcare communication companies.
878,Please consider adding a feature to add video sound effects to the fun video.
879,"It would be helpful to have a ""frequently misunderstood healthcare consulting features"" section in the service video."
880,For the daily vlog.it would be great to see more mountain experiences.
881,You should add a feature to suggest future reaction video collaborations with gaming chair for console music games reviewers.
882,Please consider adding a feature to change the video background color of the learning video.
883,"It would be helpful to have a ""troubleshooting healthcare communication company issues"" section in the service video."
884,For the fun video.it would be great to see more challenges with popcorn making.
885,You should add a feature to suggest future learning video collaborations with popcorn experts.
886,Please consider adding a feature to change the font color of the daily vlog subtitles.
887,"It would be helpful to have a ""how to use the product for healthcare communication companies"" section in the product video."
888,For the reaction video.it would be great to see more challenges with gaming chairs for console dance games.
889,You should add a feature to request future service video partnerships with medical supply companies.
890,Please consider adding a feature to add video transitions to the fun video.
891,"It would be helpful to have a ""commonly overlooked medical supply company features"" section in the service video."
892,For the daily vlog.it would be great to see more skiing experiences.
893,You should add a feature to suggest future reaction video collaborations with gaming chair for console dance games reviewers.
894,Please consider adding a feature to change the video background music of the learning video.
895,"It would be helpful to have a ""tips for troubleshooting medical supply issues"" section in the product video."
896,For the fun video.it would be great to see more challenges with donut making.
897,You should add a feature to suggest future learning video collaborations with donut experts.
898,Please consider adding a feature to change the font style of the daily vlog subtitles.
899,"It would be helpful to have a ""how to use the product for medical supply companies"" section in the product video."
900,For the reaction video.it would be great to see more challenges with gaming chairs for console fighting games.
901,You should add a feature to request future service video partnerships with medical billing companies.
902,Please consider adding a feature to add video stickers to the fun video.
903,"It would be helpful to have a ""frequently misunderstood medical billing company features"" section in the service video."
904,For the daily vlog.it would be great to see more farm experiences.
905,You should add a feature to suggest future reaction video collaborations with gaming chair for console fighting games reviewers.
906,Please consider adding a feature to change the video background color of the learning video.
907,"It would be helpful to have a ""troubleshooting medical billing company issues"" section in the service video."
908,For the fun video.it would be great to see more challenges with cake decorating.
909,You should add a feature to suggest future learning video collaborations with cake decorating experts.
910,Please consider adding a feature to change the font size of the daily vlog subtitles.
911,"It would be helpful to have a ""how to use the product for medical billing companies"" section in the product video."
912,For the reaction video.it would be great to see more challenges with gaming chairs for console platformer games.
913,You should add a feature to request future service video partnerships with medical records companies.
914,Please consider adding a feature to add video captions to the fun video.
915,"It would be helpful to have a ""commonly overlooked medical records company features"" section in the service video."
916,For the daily vlog.it would be great to see more river experiences.
917,You should add a feature to suggest future reaction video collaborations with gaming chair for console platformer games reviewers.
918,Please consider adding a feature to change the video background music of the learning video.
919,"It would be helpful to have a ""tips for troubleshooting medical records issues"" section in the product video."
920,For the fun video.it would be great to see more challenges with bread making.
921,You should add a feature to suggest future learning video collaborations with bread making experts.
922,Please consider adding a feature to change the font color of the daily vlog subtitles.
923,"It would be helpful to have a ""how to use the product for medical records companies"" section in the product video."
924,For the reaction video.it would be great to see more challenges with gaming chairs for console shooting games.
925,You should add a feature to request future service video partnerships with medical insurance companies.
926,Please consider adding a feature to add video animations to the fun video.
927,"It would be helpful to have a ""frequently misunderstood medical insurance company features"" section in the service video."
928,For the daily vlog.it would be great to see more beach house experiences.
929,You should add a feature to suggest future reaction video collaborations with gaming chair for console shooting games reviewers.
930,Please consider adding a feature to change the video background color of the learning video.
931,"It would be helpful to have a ""troubleshooting medical insurance company issues"" section in the service video."
932,For the fun video.it would be great to see more challenges with sushi making.
933,You should add a feature to suggest future learning video collaborations with sushi experts.
934,Please consider adding a feature to change the font style of the daily vlog subtitles.
935,"It would be helpful to have a ""how to use the product for medical insurance companies"" section in the product video."
936,For the reaction video.it would be great to see more challenges with gaming chairs for console sports games.
937,You should add a feature to request future service video partnerships with healthcare software companies.
938,Please consider adding a feature to add video text overlays to the fun video.
939,"It would be helpful to have a ""commonly overlooked healthcare software company features"" section in the service video."
940,For the daily vlog.it would be great to see more zoo experiences.
941,You should add a feature to suggest future reaction video collaborations with gaming chair for console sports games reviewers.
942,Please consider adding a feature to change the video background music of the learning video.
943,"It would be helpful to have a ""tips for troubleshooting healthcare software issues"" section in the product video."
944,For the fun video.it would be great to see more challenges with ice cream making.
945,You should add a feature to suggest future learning video collaborations with ice cream experts.
946,Please consider adding a feature to change the font size of the daily vlog subtitles.
947,"It would be helpful to have a ""how to use the product for healthcare software companies"" section in the product video."
948,For the reaction video.it would be great to see more challenges with gaming chairs for console RPG games.
949,You should add a feature to request future service video partnerships with medical education companies.
950,Please consider adding a feature to add video filters to the fun video.
951,"It would be helpful to have a ""frequently misunderstood medical education company features"" section in the service video."
952,For the daily vlog.it would be great to see more beach experiences.
953,You should add a feature to suggest future reaction video collaborations with gaming chair for console RPG games reviewers.
954,Please consider adding a feature to change the video background color of the learning video.
955,"It would be helpful to have a ""troubleshooting medical education company issues"" section in the service video."
956,For the fun video.it would be great to see more challenges with pizza making.
957,You should add a feature to suggest future learning video collaborations with pizza experts.
958,Please consider adding a feature to change the font color of the daily vlog subtitles.
959,"It would be helpful to have a ""how to use the product for medical education companies"" section in the product video."
960,For the reaction video.it would be great to see more challenges with gaming chairs for console racing games.
961,You should add a feature to request future service video partnerships with healthcare IT companies.
962,Please consider adding a feature to add video sound effects to the fun video.
963,"It would be helpful to have a ""commonly overlooked healthcare IT company features"" section in the service video."
964,For the daily vlog.it would be great to see more nature experiences.
965,You should add a feature to suggest future reaction video collaborations with gaming chair for console racing games reviewers.
966,Please consider adding a feature to change the video background music of the learning video.
967,"It would be helpful to have a ""tips for troubleshooting healthcare IT issues"" section in the product video."
968,For the fun video.it would be great to see more challenges with cookie making.
969,You should add a feature to suggest future learning video collaborations with cookie experts.
970,Please consider adding a feature to change the font style of the daily vlog subtitles.
971,"It would be helpful to have a ""how to use the product for healthcare IT companies"" section in the product video."
972,For the reaction video.it would be great to see more challenges with gaming chairs for console horror games.
973,You should add a feature to request future service video partnerships with healthcare staffing companies.
974,Please consider adding a feature to add video transitions to the fun video.
975,"It would be helpful to have a ""frequently misunderstood healthcare staffing company features"" section in the service video."
976,For the daily vlog.it would be great to see more park experiences.
977,You should add a feature to suggest future reaction video collaborations with gaming chair for console horror games reviewers.
978,Please consider adding a feature to change the video background color of the learning video.
979,"It would be helpful to have a ""troubleshooting healthcare staffing company issues"" section in the service video."
980,For the fun video.it would be great to see more challenges with cupcake making.
981,You should add a feature to suggest future learning video collaborations with cupcake experts.
982,Please consider adding a feature to change the font size of the daily vlog subtitles.
983,"It would be helpful to have a ""how to use the product for healthcare staffing companies"" section in the product video."
984,For the reaction video.it would be great to see more challenges with gaming chairs for console fighting games.
985,You should add a feature to request future service video partnerships with healthcare marketing companies.
986,Please consider adding a feature to add video stickers to the fun video.
987,"It would be helpful to have a ""commonly overlooked healthcare marketing company features"" section in the service video."
988,For the daily vlog.it would be great to see more waterfall experiences.
989,You should add a feature to suggest future reaction video collaborations with gaming chair for console fighting games reviewers.
990,Please consider adding a feature to change the video background music of the learning video.
991,"It would be helpful to have a ""tips for troubleshooting healthcare marketing issues"" section in the product video."
992,For the fun video.it would be great to see more challenges with chocolate making.
993,You should add a feature to suggest future learning video collaborations with chocolate experts.
994,Please consider adding a feature to change the font color of the daily vlog subtitles.
995,"It would be helpful to have a ""how to use the product for healthcare marketing companies"" section in the product video."
996,For the reaction video.it would be great to see more challenges with gaming chairs for console simulation games.
997,You should add a feature to request future service video partnerships with medical device companies.
998,Please consider adding a feature to add video captions to the fun video.
999,"It would be helpful to have a ""frequently misunderstood medical device company features"" section in the service video."
1000,Could you please have more fun in your video.
